date,close,50ma,100ma
2015-07-27,531.41,531.41,531.41
2015-07-28,526.03,528.72,528.72
2015-07-29,529.0,528.8133333333334,528.8133333333334
2015-07-30,536.76,530.8,530.8
2015-07-31,536.15,531.87,531.87
2015-08-03,535.03,532.3966666666666,532.3966666666666
2015-08-04,531.9,532.3257142857143,532.3257142857143
2015-08-05,537.01,532.91125,532.91125
2015-08-06,529.46,532.5277777777778,532.5277777777778
2015-08-07,522.62,531.537,531.537
2015-08-10,524.0,530.8518181818182,530.8518181818182
2015-08-11,527.46,530.5691666666667,530.5691666666667
2015-08-12,525.91,530.2107692307692,530.2107692307692
2015-08-13,529.66,530.1714285714286,530.1714285714286
2015-08-14,531.52,530.2613333333334,530.2613333333334
2015-08-17,535.22,530.57125,530.57125
2015-08-18,535.02,530.8329411764706,530.8329411764706
2015-08-19,532.92,530.9488888888889,530.9488888888889
2015-08-20,515.78,530.1505263157895,530.1505263157895
2015-08-21,494.47,528.3665,528.3665
2015-08-24,463.37,525.2714285714286,525.2714285714286
2015-08-25,466.37,522.5940909090909,522.5940909090909
2015-08-26,500.77,521.6452173913044,521.6452173913044
2015-08-27,518.37,521.5087500000001,521.5087500000001
2015-08-28,518.01,521.3688000000001,521.3688000000001
2015-08-31,512.89,521.0426923076924,521.0426923076924
2015-09-01,496.54,520.1351851851853,520.1351851851853
2015-09-02,510.55,519.7928571428572,519.7928571428572
2015-09-03,504.72,519.273103448276,519.273103448276
2015-09-04,499.0,518.5973333333334,518.5973333333334
2015-09-08,517.54,518.5632258064517,518.5632258064517
2015-09-09,516.89,518.5109375000001,518.5109375000001
2015-09-10,522.24,518.6239393939395,518.6239393939395
2015-09-11,529.44,518.9420588235295,518.9420588235295
2015-09-14,521.38,519.0117142857143,519.0117142857143
2015-09-15,522.37,519.105,519.105
2015-09-16,527.39,519.3289189189189,519.3289189189189
2015-09-17,538.87,519.8431578947369,519.8431578947369
2015-09-18,540.26,520.3666666666667,520.3666666666667
2015-09-21,548.39,521.06725,521.06725
2015-09-22,538.4,521.49,521.49
2015-09-23,536.07,521.8371428571429,521.8371428571429
2015-09-24,533.75,522.1141860465116,522.1141860465116
2015-09-25,524.25,522.1627272727272,522.1627272727272
2015-09-28,504.06,521.7604444444445,521.7604444444445
2015-09-29,496.07,521.2019565217391,521.2019565217391
2015-09-30,511.89,521.003829787234,521.003829787234
2015-10-01,520.72,520.9979166666667,520.9979166666667
2015-10-02,532.54,521.2334693877551,521.2334693877551
2015-10-05,543.68,521.6824,521.6824
2015-10-06,537.48,521.8038,521.9921568627451
2015-10-07,541.94,522.1220000000001,522.3757692307693
2015-10-08,533.16,522.2052,522.5792452830188
2015-10-09,539.8,522.2660000000001,522.8981481481482
2015-10-12,550.19,522.5468,523.3943636363637
2015-10-13,548.9,522.8242,523.8498214285714
2015-10-14,544.83,523.0828,524.2178947368421
2015-10-15,562.44,523.5914,524.8768965517241
2015-10-16,570.76,524.4174,525.6545762711864
2015-10-19,573.15,525.4280000000001,526.4461666666667
2015-10-20,560.88,526.1656000000002,527.010655737705
2015-10-21,555.77,526.7318000000001,527.4745161290323
2015-10-22,563.91,527.4918000000001,528.0528571428572
2015-10-23,599.03,528.8792000000001,529.161875
2015-10-26,608.61,530.4210000000002,530.3841538461538
2015-10-27,611.01,531.9368000000001,531.6057575757576
2015-10-28,617.1,533.5784,532.8817910447762
2015-10-29,626.55,535.451,534.2592647058824
2015-10-30,625.9,537.6534000000001,535.5873913043479
2015-11-02,628.35,540.331,536.9125714285715
2015-11-03,625.31,543.5698000000001,538.1576056338029
2015-11-04,640.95,547.0614000000002,539.5852777777777
2015-11-05,655.65,550.1590000000001,541.1752054794521
2015-11-06,659.37,552.9790000000002,542.7724324324324
2015-11-09,655.49,555.7286000000003,544.2753333333334
2015-11-10,659.68,558.6644000000002,545.7938157894737
2015-11-11,673.25,562.1986000000002,547.449090909091
2015-11-12,665.6,565.2996000000002,548.9638461538461
2015-11-13,642.35,568.0522000000002,550.1459493670886
2015-11-16,647.81,571.0284000000001,551.3667499999999
2015-11-17,643.3,573.5436000000002,552.5017283950617
2015-11-18,663.54,576.4766000000002,553.8558536585366
2015-11-19,661.27,579.2572000000001,555.15
2015-11-20,668.45,582.0374000000002,556.4988095238094
2015-11-23,678.99,585.1896000000002,557.9398823529411
2015-11-24,671.15,588.1652000000003,559.2562790697674
2015-11-25,675.34,591.1242000000003,560.5905747126436
2015-11-27,673.26,593.8120000000002,561.870909090909
2015-11-30,664.8,596.3028000000003,563.027415730337
2015-12-01,679.06,598.9162000000003,564.3166666666666
2015-12-02,676.01,601.6684000000002,565.5440659340659
2015-12-03,666.25,604.2720000000003,566.6386956521739
2015-12-04,672.64,607.0498000000002,567.7784946236559
2015-12-07,669.83,609.9614000000003,568.8641489361702
2015-12-08,677.33,613.4268000000003,570.005894736842
2015-12-09,664.79,616.8012000000003,570.9932291666667
2015-12-10,662.32,619.8098000000003,571.9347422680412
2015-12-11,640.15,622.1984000000003,572.6308163265306
2015-12-14,657.91,624.7058000000003,573.4922222222223
2015-12-15,658.64,627.0050000000003,574.3437
2015-12-16,675.77,629.7708000000003,575.7873
2015-12-17,670.65,632.3450000000004,577.2334999999999
2015-12-18,664.14,634.9646000000004,578.5849
2015-12-21,664.51,637.4588000000003,579.8624
2015-12-22,663.15,639.7180000000004,581.1324
2015-12-23,663.7,642.0140000000004,582.4191
2015-12-24,662.79,644.3732000000003,583.728
2015-12-28,675.2,646.6284000000003,585.1098999999999
2015-12-29,693.97,649.0926000000003,586.7549999999999
2015-12-30,689.07,651.4110000000004,588.4194999999999
2015-12-31,675.89,653.7112000000003,589.9383999999999
2016-01-04,636.99,655.3356000000003,591.0336999999998
2016-01-05,633.79,656.7332000000002,592.1124999999998
2016-01-06,632.65,657.4056000000003,593.1423999999998
2016-01-07,607.94,657.3922000000003,593.9065999999999
2016-01-08,607.05,657.3130000000003,594.6248999999999
2016-01-11,617.74,657.3258000000003,595.4521
2016-01-12,617.89,657.1526000000002,596.3018
2016-01-13,581.81,656.2708000000001,596.9621
2016-01-14,593.0,655.5638000000002,597.9473999999999
2016-01-15,570.18,654.4612000000002,599.0154999999999
2016-01-19,574.48,653.1318000000001,600.0965999999999
2016-01-20,571.77,651.4542000000001,600.8065999999999
2016-01-21,575.02,649.7672000000001,601.3730999999998
2016-01-22,596.38,648.585,602.1567999999997
2016-01-25,596.53,647.3220000000001,602.9931999999998
2016-01-26,601.25,645.8820000000001,604.0402999999998
2016-01-27,583.35,644.2370000000001,604.7682999999997
2016-01-28,635.35,644.0970000000001,606.0745999999997
2016-01-29,587.0,642.8808000000001,606.9545999999997
2016-02-01,574.81,641.5110000000001,607.5272999999996
2016-02-02,552.1,639.2822000000001,607.8793999999997
2016-02-03,531.07,636.6782000000001,607.9676999999997
2016-02-04,536.26,634.0344,608.0358999999996
2016-02-05,502.13,630.4972,607.8433999999996
2016-02-08,488.1,626.8362,607.5006999999996
2016-02-09,482.07,622.9707999999999,607.0474999999997
2016-02-10,490.48,619.3152,606.5635999999996
2016-02-11,503.82,616.0956,606.1991999999996
2016-02-12,507.08,612.656,605.7860999999997
2016-02-16,521.1,609.5578,605.6130999999996
2016-02-17,534.1,606.9148,605.5933999999996
2016-02-18,525.0,603.962,605.5058999999997
2016-02-19,534.9,601.2633999999999,605.6123999999996
2016-02-22,559.5,598.9068,606.1667999999996
2016-02-23,552.94,596.6697999999999,606.7354999999997
2016-02-24,554.04,594.5041999999999,607.1569999999997
2016-02-25,555.15,592.8041999999999,607.5012999999997
2016-02-26,555.23,590.7505999999998,607.7281999999997
2016-02-29,552.52,588.6281999999999,607.8165999999997
2016-03-01,579.04,586.6936,608.2321999999997
2016-03-02,580.21,584.8847999999999,608.6148999999996
2016-03-03,577.49,583.1518,609.0581999999996
2016-03-04,575.14,581.3643999999999,609.4115999999996
2016-03-07,562.8,579.3573999999999,609.5376999999995
2016-03-08,560.26,577.2885999999999,609.6512999999995
2016-03-09,559.47,575.2221999999998,609.7976999999995
2016-03-10,558.93,572.8967999999999,609.7625999999996
2016-03-11,569.61,570.4095999999998,609.7510999999995
2016-03-14,573.37,568.0955999999999,609.7532999999995
2016-03-15,577.02,566.1181999999999,609.9146999999995
2016-03-16,574.27,564.8637999999999,610.0996999999995
2016-03-17,559.44,563.3767999999998,610.0549999999995
2016-03-18,552.08,561.7653999999998,609.5854999999996
2016-03-21,553.98,560.6861999999998,609.0391999999996
2016-03-22,560.48,559.7547999999998,608.5338999999996
2016-03-23,569.63,558.7925999999998,608.0591999999996
2016-03-24,582.95,558.0937999999999,607.6231999999995
2016-03-28,579.87,558.0549999999998,607.1628999999995
2016-03-29,593.86,558.0721999999998,606.8179999999995
2016-03-30,598.69,558.6423999999997,606.5517999999996
2016-03-31,593.64,559.0255999999997,606.0786999999996
2016-04-01,598.5,559.5601999999998,605.5071999999996
2016-04-04,593.19,559.9235999999997,604.8453999999996
2016-04-05,586.14,559.7187999999996,604.1518999999996
2016-04-06,602.08,559.8297999999998,603.5758999999996
2016-04-07,591.43,559.6333999999997,602.7576999999997
2016-04-08,594.6,559.8583999999997,602.0476999999996
2016-04-11,595.93,559.0699999999998,601.5834999999996
2016-04-12,603.17,559.3933999999997,601.1370999999996
2016-04-13,614.82,560.1935999999997,600.8522999999996
2016-04-14,620.75,561.5665999999998,600.4243999999995
2016-04-15,625.89,563.4629999999997,600.0705999999996
2016-04-18,635.35,565.4447999999998,599.7395999999997
2016-04-19,627.9,567.9601999999998,599.2286999999997
2016-04-20,632.99,570.8579999999998,598.8470999999996
2016-04-21,631.0,573.8365999999999,598.4036999999996
2016-04-22,620.5,576.4369999999998,597.8760999999996
2016-04-25,626.2,578.8845999999999,597.4900999999995
2016-04-26,616.88,581.0805999999998,596.8682999999996
2016-04-27,606.57,582.7899999999998,596.1738999999995
2016-04-28,602.0,584.1479999999999,595.5313999999995
2016-04-29,659.59,586.8397999999999,595.4008999999995
2016-05-02,683.85,589.8187999999998,595.5410999999995
2016-05-03,671.32,592.0551999999998,595.4809999999994
2016-05-04,670.9,594.4143999999999,595.5420999999994
2016-05-05,659.09,596.5153999999999,595.5097999999995
2016-05-06,673.95,598.8913999999999,595.8477999999994
2016-05-09,679.75,601.3817999999999,596.0661999999994
2016-05-10,703.07,604.3927999999999,596.5104999999994
2016-05-11,713.23,607.0765999999999,596.8850999999994
2016-05-12,717.93,609.8309999999998,597.3578999999994
2016-05-13,709.92,612.4795999999998,597.8156999999994
2016-05-16,710.66,615.1899999999998,598.2771999999994
2016-05-17,695.27,617.8393999999998,598.5983999999994
2016-05-18,697.45,620.5831999999998,598.9358999999994
2016-05-19,698.52,623.3641999999999,599.2931999999994
2016-05-20,702.8,626.2415999999998,599.5691999999995
2016-05-23,696.75,628.7843999999998,599.5969999999994
2016-05-24,704.2,631.4009999999998,599.7482999999994
2016-05-25,708.35,634.0275999999998,600.0728999999993
2016-05-26,714.91,636.8403999999998,600.8520999999994
2016-05-27,712.24,639.8963999999999,601.6365999999994
2016-05-31,722.79,643.3105999999998,602.5379999999993
2016-06-01,719.44,646.6197999999999,603.6529999999993
2016-06-02,728.24,649.9749999999999,604.8648999999994
2016-06-03,725.54,653.0931999999998,605.9428999999993
2016-06-06,726.73,655.9687999999999,607.0312999999994
2016-06-07,723.74,658.8461999999998,608.4505999999994
2016-06-08,726.64,661.5017999999998,609.7869999999994
2016-06-09,727.65,664.0809999999998,611.3616999999994
2016-06-10,717.91,666.5663999999998,612.7959999999994
2016-06-13,715.24,668.9011999999998,614.2306999999994
2016-06-14,719.3,671.4233999999998,615.6734999999994
2016-06-15,714.26,673.9857999999999,616.8522999999996
2016-06-16,717.51,676.2943999999999,618.0620999999995
2016-06-17,706.39,678.5935999999998,619.1134999999996
2016-06-20,714.01,680.9817999999999,620.4200999999996
2016-06-21,715.82,683.3795999999999,621.2247999999996
2016-06-22,710.6,685.5282,622.4607999999996
2016-06-23,722.08,687.6734,623.9334999999996
2016-06-24,698.96,689.2375999999999,625.4020999999997
2016-06-27,691.36,690.547,627.0049999999997
2016-06-28,707.95,691.9989999999999,628.7218999999996
2016-06-29,715.6,693.7529999999999,630.8565999999996
2016-06-30,715.62,695.4055999999999,633.1317999999997
2016-07-01,725.68,697.2991999999999,635.5678999999997
2016-07-05,728.1,699.4512,637.9440999999996
2016-07-06,737.61,701.6794,640.2819999999996
2016-07-07,736.57,704.0732,642.5768999999996
2016-07-08,745.81,706.8580000000001,644.8239999999996
2016-07-11,753.78,709.8936,647.0207999999996
2016-07-12,748.21,711.666,649.2528999999996
2016-07-13,742.63,712.8416000000001,651.3301999999995
2016-07-14,741.2,714.2392,653.1471999999995
2016-07-15,735.44,715.53,654.9721999999996
2016-07-18,736.07,717.0696,656.7924999999997
2016-07-19,739.95,718.3896000000001,658.6404999999997
2016-07-20,745.72,719.7090000000001,660.5453999999997
2016-07-21,744.43,720.5362000000001,662.4644999999997
2016-07-22,744.86,721.1688,664.1226999999998
2016-07-25,739.61,721.6024000000001,665.7166999999997
2016-07-26,735.59,722.1158,667.2976999999996
2016-07-27,736.67,722.636,668.9129999999996
2016-07-28,752.61,723.7828,670.8110999999996
2016-07-29,758.81,725.01,672.7965999999996
2016-08-01,767.74,726.3944,674.8792999999996
2016-08-02,760.58,727.55,676.8957999999998
2016-08-03,754.64,728.7078,678.7460999999997
2016-08-04,760.77,729.8392,680.6200999999998
2016-08-05,765.98,730.9918000000001,682.5096999999997
2016-08-08,766.56,732.0247999999999,684.4325999999996
2016-08-09,768.31,733.1461999999999,686.5212999999997
2016-08-10,768.56,734.0615999999999,688.6860999999996
2016-08-11,771.24,735.0975999999998,690.8586999999997
2016-08-12,772.56,735.9839999999998,692.9794999999997
2016-08-15,768.49,736.8429999999997,694.9680999999997
2016-08-16,764.04,737.5891999999997,696.7789999999997
2016-08-17,764.63,738.4069999999997,698.6265999999997
2016-08-18,764.46,739.1633999999997,700.3325999999998
2016-08-19,757.31,739.7565999999996,701.9187999999998
2016-08-22,759.48,740.5879999999996,703.5771999999997
2016-08-23,762.45,741.5321999999995,705.2166999999997
2016-08-24,757.25,742.2911999999995,706.8572999999997
2016-08-25,759.22,743.1903999999995,708.5880999999997
2016-08-26,769.0,744.2201999999994,710.2572999999996
2016-08-29,771.29,745.5181999999995,712.0558999999997
2016-08-30,767.58,746.5895999999995,713.7856999999997
2016-08-31,769.16,747.6563999999995,715.5179999999997
2016-09-01,770.62,748.8567999999997,717.1924999999997
2016-09-02,772.44,749.8639999999997,718.7686999999996
2016-09-06,788.87,751.6621999999998,720.4498999999996
2016-09-07,784.48,753.5245999999997,722.0357999999995
2016-09-08,784.06,755.0467999999997,723.5228999999995
2016-09-09,760.14,755.9375999999997,724.8452999999995
2016-09-12,771.49,757.0549999999997,726.2302999999996
2016-09-13,761.01,757.7615999999997,727.5303999999995
2016-09-14,761.09,758.4213999999997,728.9362999999995
2016-09-15,769.69,759.0629999999998,730.3711999999995
2016-09-16,778.52,759.9019999999997,731.9875999999995
2016-09-19,775.1,760.4877999999997,733.6728999999995
2016-09-20,780.22,761.0165999999997,735.4550999999996
2016-09-21,789.74,761.8471999999997,736.7565999999996
2016-09-22,804.7,763.0885999999997,737.9650999999996
2016-09-23,805.75,764.3795999999998,739.3093999999994
2016-09-26,799.16,765.6539999999998,740.5919999999995
2016-09-27,816.11,767.2547999999998,742.1621999999995
2016-09-28,828.72,769.0301999999999,743.7098999999996
2016-09-29,829.05,770.6967999999999,745.2028999999997
2016-09-30,837.31,772.5543999999999,746.5452999999995
2016-10-03,836.74,774.3919999999998,747.7803999999996
2016-10-04,834.03,776.2803999999998,748.9413999999997
2016-10-05,844.36,778.4557999999998,750.2857999999998
2016-10-06,841.66,780.5556,751.5957999999997
2016-10-07,839.43,782.2919999999999,753.0373999999996
2016-10-10,841.71,783.95,754.4799999999997
2016-10-11,831.0,785.2152000000001,755.8047999999997
2016-10-12,834.09,786.6854,757.1176999999996
2016-10-13,829.28,788.1782,758.4429999999996
2016-10-14,822.96,789.422,759.6305999999997
2016-10-17,812.95,790.3613999999999,760.6765999999996
2016-10-18,817.65,791.3831999999999,761.7039999999995
2016-10-19,817.69,792.3708,762.7584999999995
2016-10-20,810.32,793.206,763.6337999999996
2016-10-21,818.99,794.1610000000001,764.6292999999996
2016-10-24,838.09,795.4716000000001,765.7277999999995
2016-10-25,835.18,796.8054000000001,766.8241999999996
2016-10-26,822.59,797.9764,767.7827999999995
2016-10-27,818.36,799.051,768.7289999999995
2016-10-28,776.32,799.2882000000001,769.2257999999996
2016-10-31,789.82,799.9384000000001,769.8474999999997
2016-11-01,785.41,800.4570000000001,770.5224999999997
2016-11-02,765.56,800.5192000000002,771.0256999999997
2016-11-03,767.03,800.7148000000001,771.5029999999996
2016-11-04,755.05,800.6314000000001,771.9108999999996
2016-11-07,784.93,800.9500000000002,772.5850999999997
2016-11-08,787.75,801.2792000000002,773.3986999999996
2016-11-09,771.88,801.3652000000001,773.9773999999998
2016-11-10,742.38,800.8295999999999,774.2429999999997
2016-11-11,739.01,800.1973999999999,774.5270999999997
2016-11-14,719.07,799.1299999999999,774.4969999999997
2016-11-15,743.24,798.2173999999998,774.9397999999997
2016-11-16,746.49,797.4575999999996,775.4910999999997
2016-11-17,756.4,796.9043999999998,775.9755999999996
2016-11-18,760.16,796.9047999999998,776.4211999999997
2016-11-21,780.0,797.0749999999998,777.0649999999997
2016-11-22,785.33,797.5613999999998,777.6614999999998
2016-11-23,780.12,797.942,778.1816999999996
2016-11-25,780.37,798.1555999999999,778.6092999999996
2016-11-28,766.77,797.9205999999999,778.9112999999996
2016-11-29,762.52,797.669,779.0783999999996
2016-11-30,750.57,797.0759999999999,779.0462999999997
2016-12-01,743.65,796.1542,779.0006999999996
2016-12-02,740.34,794.867,778.9777999999995
2016-12-05,759.36,793.9392,779.1593999999996
2016-12-06,764.72,793.2503999999999,779.4521999999996
2016-12-07,770.42,792.3365999999999,779.7956999999994
2016-12-08,767.33,791.1087999999999,780.0694999999995
2016-12-09,768.66,789.901,780.2988999999995
2016-12-12,760.12,788.3572,780.4557999999996
2016-12-13,774.34,787.1092,780.7505999999995
2016-12-14,768.82,785.805,781.0426999999996
2016-12-15,761.0,784.1378,781.2967999999996
2016-12-16,757.77,782.4599999999998,781.5077999999997
2016-12-19,766.0,780.9913999999999,781.6416999999997
2016-12-20,771.22,779.5815999999999,781.7657999999997
2016-12-21,770.6,778.3735999999999,781.7943999999998
2016-12-22,766.34,777.0185999999999,781.8519999999996
2016-12-23,760.59,775.6447999999998,781.9114999999997
2016-12-27,771.4,774.6135999999999,782.0177999999995
2016-12-28,772.13,773.7971999999999,782.0792999999996
2016-12-29,765.15,772.7471999999999,782.0651999999995
2016-12-30,749.87,771.3907999999999,781.8807999999996
2017-01-03,753.67,770.2577999999999,781.7318999999995
2017-01-04,757.18,769.0215999999999,781.5912999999995
2017-01-05,780.45,767.8687999999999,781.6701999999995
2017-01-06,795.99,767.0849999999998,781.9451999999994
2017-01-09,796.92,766.5715999999999,782.2739999999995
2017-01-10,795.9,766.1223999999999,782.5866999999994
2017-01-11,799.02,766.5763999999998,782.9322999999994
2017-01-12,813.64,767.0527999999998,783.4955999999994
2017-01-13,817.14,767.6873999999998,784.0721999999994
2017-01-17,809.72,768.5705999999998,784.5448999999994
2017-01-18,807.48,769.3795999999999,785.0471999999994
2017-01-19,809.04,770.4593999999998,785.5453999999994
2017-01-20,808.33,770.9273999999999,785.9386999999994
2017-01-23,817.88,771.5299999999999,786.4045999999995
2017-01-24,822.44,772.5412,786.9531999999995
2017-01-25,836.52,774.424,787.6267999999995
2017-01-26,839.15,776.4268,788.3120999999995
2017-01-27,835.77,778.7607999999999,788.9453999999995
2017-01-30,830.38,780.5035999999999,789.3604999999995
2017-01-31,823.48,782.0434,789.7504999999996
2017-02-01,832.35,783.5623999999999,790.2333999999996
2017-02-02,839.95,785.1581999999997,791.0314999999996
2017-02-03,810.2,785.7621999999997,791.4185999999995
2017-02-06,807.64,786.2083999999996,791.8848999999996
2017-02-07,812.5,786.8559999999997,792.3989999999997
2017-02-08,819.71,787.6427999999995,792.8991999999997
2017-02-09,821.36,788.7345999999997,793.3275999999996
2017-02-10,827.46,790.0333999999997,793.8511999999996
2017-02-13,836.53,791.7525999999997,794.4142999999997
2017-02-14,836.39,793.6073999999996,794.8807999999996
2017-02-15,842.7,795.6545999999996,795.2607999999996
2017-02-16,844.14,797.3501999999996,795.6446999999996
2017-02-17,845.07,798.9571999999996,796.1037999999996
2017-02-21,856.44,800.6775999999996,796.5070999999996
2017-02-22,855.61,802.4431999999996,796.7759999999996
2017-02-23,852.19,804.1137999999996,797.0073999999996
2017-02-24,845.24,805.8161999999995,797.0866999999997
2017-02-27,848.64,807.3021999999996,797.2056999999996
2017-02-28,845.04,808.8265999999996,797.3157999999996
2017-03-01,853.08,810.6681999999996,797.4029999999996
2017-03-02,848.91,812.4909999999998,797.4754999999996
2017-03-03,849.88,814.1685999999997,797.5799999999997
2017-03-06,846.61,815.6763999999997,797.6289999999997
2017-03-07,846.02,817.1847999999997,797.7791999999997
2017-03-08,850.5,818.8679999999997,797.9432999999997
2017-03-09,853.0,820.7161999999998,798.1804999999997
2017-03-10,852.46,822.3373999999998,798.4754999999998
2017-03-13,854.59,823.9865999999997,798.8918999999997
2017-03-14,852.53,825.7341999999996,799.2406999999998
2017-03-15,852.97,827.7961999999997,799.5934999999997
2017-03-16,853.42,829.7911999999997,800.0244999999996
2017-03-17,852.31,831.6937999999996,800.3576999999996
2017-03-20,856.97,833.2241999999997,800.5464999999997
2017-03-21,843.2,834.1683999999997,800.6266999999997
2017-03-22,848.06,835.1911999999996,800.8813999999998
2017-03-23,847.38,836.2207999999996,801.1715999999998
2017-03-24,845.61,837.1525999999997,801.8644999999997
2017-03-27,846.82,837.8161999999996,802.4344999999997
2017-03-28,856.0,838.5933999999996,803.1403999999997
2017-03-29,874.32,839.8853999999997,804.2279999999997
2017-03-30,876.34,841.2625999999996,805.3210999999997
2017-03-31,886.54,842.8125999999995,806.6359999999996
2017-04-03,891.51,844.4761999999995,807.7017999999996
2017-04-04,906.83,846.2551999999996,808.8925999999997
2017-04-05,909.28,847.9919999999995,810.2665999999996
2017-04-06,898.28,849.2271999999996,811.8255999999996
2017-04-07,894.88,850.3417999999995,813.3842999999996
2017-04-10,907.04,851.7671999999995,815.2639999999996
2017-04-11,902.36,853.2067999999996,816.8551999999995
2017-04-12,896.23,854.6617999999996,818.3525999999994
2017-04-13,884.67,855.7081999999996,819.6352999999995
2017-04-17,901.99,856.9489999999996,821.0535999999994
2017-04-18,903.78,858.8205999999997,822.2913999999994
2017-04-19,899.2,860.6517999999996,823.4300999999994
2017-04-20,902.06,862.4429999999996,824.6494999999994
2017-04-21,898.53,864.0193999999996,825.8310999999994
2017-04-24,907.41,865.7403999999997,827.2374999999994
2017-04-25,907.62,867.3435999999997,828.6884999999993
2017-04-26,909.29,868.7987999999998,830.2756999999992
2017-04-27,918.38,870.4385999999997,832.0229999999993
2017-04-28,924.99,872.0843999999997,833.8694999999993
2017-05-01,948.23,874.1661999999998,835.7581999999993
2017-05-02,946.94,876.2035999999998,837.5803999999994
2017-05-03,941.03,877.8953999999998,839.2864999999994
2017-05-04,937.53,879.5337999999997,840.9884999999994
2017-05-05,934.15,881.1729999999998,842.6433999999992
2017-05-08,949.04,883.2489999999998,844.5325999999992
2017-05-09,952.82,885.3325999999998,846.3173999999993
2017-05-10,948.95,887.4107999999998,848.1186999999992
2017-05-11,947.62,889.3015999999998,849.9848999999991
2017-05-12,961.35,891.5503999999996,852.0206999999992
2017-05-15,957.97,893.7121999999997,853.9403999999992
2017-05-16,966.07,896.1013999999997,855.8888999999992
2017-05-17,944.76,898.0761999999999,857.6304999999992
2017-05-18,958.49,900.2359999999998,859.5519999999992
2017-05-19,959.84,902.3727999999996,861.5444999999993
2017-05-22,970.67,904.7369999999996,863.5371999999993
2017-05-23,971.54,907.0759999999998,865.5312999999992
2017-05-24,980.35,909.6323999999997,867.6832999999992
2017-05-25,993.38,912.4405999999997,870.1183999999994
2017-05-26,995.78,915.2877999999997,872.5394999999994
2017-05-30,996.7,918.1755999999997,874.9346999999995
2017-05-31,994.62,920.9285999999997,877.0763999999995
2017-06-01,995.95,923.9835999999997,879.0759999999993
2017-06-02,1006.73,927.1569999999998,881.1740999999993
2017-06-05,1011.34,930.4361999999998,883.3284999999993
2017-06-06,1003.0,933.5839999999998,885.3682999999993
2017-06-07,1010.07,936.8489999999998,887.3325999999994
2017-06-08,1010.27,939.9343999999998,889.2638999999995
2017-06-09,978.31,942.0141999999997,890.9497999999994
2017-06-12,964.91,943.7855999999998,892.5240999999994
2017-06-13,980.79,945.6705999999998,894.2415999999995
2017-06-14,976.47,947.3697999999998,895.9229999999994
2017-06-15,964.17,948.5165999999997,897.3858999999994
2017-06-16,987.71,950.0851999999998,899.0385999999994
2017-06-19,995.17,952.0229999999997,900.6250999999994
2017-06-20,992.59,953.9771999999997,902.1594999999994
2017-06-21,1002.23,955.8809999999997,903.8240999999994
2017-06-22,1001.3,957.8597999999998,905.5332999999993
2017-06-23,1003.74,960.0099999999998,907.3358999999994
2017-06-26,993.98,962.1961999999999,908.9521999999993
2017-06-27,976.78,963.6919999999998,910.3204999999994
2017-06-28,990.33,965.4229999999999,912.1217999999993
2017-06-29,975.93,966.9576,913.8046999999992
2017-06-30,968.0,968.2764,915.3596999999993
2017-07-03,953.66,969.3790000000001,916.6991999999992
2017-07-05,971.4,970.6588,918.1995999999992
2017-07-06,965.14,971.8092,919.5763999999991
2017-07-07,978.76,973.1986,920.9986999999991
2017-07-10,996.47,974.7604000000001,922.5994999999991
2017-07-11,994.13,976.1432000000001,924.1137999999992
2017-07-12,1006.51,977.3088,925.7374999999992
2017-07-13,1000.63,978.3825999999999,927.2930999999991
2017-07-14,1001.81,979.5981999999999,928.7467999999991
2017-07-17,1010.04,981.0484,930.291099999999
2017-07-18,1024.45,982.8543999999998,932.013699999999
2017-07-19,1026.87,984.411,933.8299999999988
2017-07-20,1028.7,985.9285999999998,935.6305999999988
2017-07-21,1025.67,987.4629999999999,937.4368999999989
2017-07-24,1038.95,989.2895999999997,939.2955999999988
2017-07-25,1039.87,990.8599999999999,941.2051999999987
2017-07-26,1052.8,992.7565999999999,943.2343999999987
2017-07-27,1046.0,994.3551999999999,945.2282999999987
2017-07-28,1020.04,995.8607999999999,946.9684999999986
2017-07-31,987.78,996.4465999999999,948.3412999999986
2017-08-01,996.19,997.1736,949.7731999999986
2017-08-02,995.89,997.678,951.2074999999985
2017-08-03,986.92,997.9856,952.5307999999985
2017-08-04,987.58,998.1302000000001,953.8812999999986
2017-08-07,992.27,998.1080000000001,955.2742999999987
2017-08-08,989.84,997.9892,956.6384999999987
2017-08-09,982.01,997.6954000000001,957.9354999999986
2017-08-10,956.92,996.9414,958.9349999999986
2017-08-11,967.99,996.3822,960.1828999999987
2017-08-14,983.3,995.9136,961.5352999999986
2017-08-15,982.74,995.3416000000001,962.8888999999987
2017-08-16,978.18,994.8452000000001,964.2145999999987
2017-08-17,960.57,993.8552000000001,965.3520999999986
2017-08-18,958.47,992.8192000000001,966.3767999999986
2017-08-21,953.29,992.3188000000002,967.1664999999985
2017-08-22,966.9,992.3586000000001,968.0720999999985
2017-08-23,958.0,991.9028000000002,968.7866999999985
2017-08-24,952.45,991.4224,969.3960999999986
2017-08-25,945.26,991.0442000000002,969.7803999999985
2017-08-28,946.02,990.2104,970.1477999999985
2017-08-29,954.06,989.3882000000001,970.7055999999985
2017-08-30,967.59,988.8882000000001,971.4326999999985
2017-08-31,980.6,988.4556,972.1682999999986
2017-09-01,978.25,987.9945999999999,972.9271999999986
2017-09-05,965.27,987.2251999999999,973.6175999999987
2017-09-06,967.8,986.7015999999999,974.4488999999987
2017-09-07,979.47,986.7553999999999,975.2236999999986
2017-09-08,965.9,986.2667999999999,975.8448999999986
2017-09-11,977.96,986.3073999999999,976.6324999999987
2017-09-12,982.58,986.5989999999999,977.4376999999987
2017-09-13,999.6,987.5177999999999,978.4483999999989
2017-09-14,992.21,987.9339999999997,979.2963999999988
2017-09-15,986.79,988.3669999999998,980.0880999999988
2017-09-18,974.19,988.2755999999998,980.7370999999989
2017-09-19,969.86,987.7433999999998,981.2518999999988
2017-09-20,973.21,987.3249999999998,981.7340999999989
2017-09-21,964.65,986.4877999999999,981.8982999999988
2017-09-22,955.1,985.5771999999998,981.9798999999989
2017-09-25,939.79,984.3367999999999,981.9674999999988
2017-09-26,938.6,982.9079999999999,981.9781999999989
2017-09-27,950.87,981.4364,982.145399999999
2017-09-28,956.4,980.0269999999999,982.2189999999989
2017-09-29,961.35,978.68,982.3042999999989
2017-10-02,959.19,977.3504,982.406699999999
2017-10-03,957.1,975.7134000000001,982.501499999999
2017-10-04,965.45,974.225,982.542499999999
2017-10-05,980.85,972.786,982.771299999999
2017-10-06,989.58,971.6576,983.006399999999
2017-10-09,990.99,971.0765999999999,983.4686999999991
2017-10-10,987.2,971.0649999999998,983.755799999999
2017-10-11,995.0,971.0411999999998,984.1073999999991
2017-10-12,1000.93,971.1419999999998,984.409999999999
2017-10-13,1002.94,971.4623999999999,984.723999999999
2017-10-16,1006.34,971.8375999999998,984.9838999999989
2017-10-17,1009.13,972.1747999999998,985.141399999999
2017-10-18,997.0,972.3179999999999,985.153599999999
2017-10-19,986.61,972.4099999999999,985.052699999999
2017-10-20,982.91,972.9298,984.9355999999991
2017-10-23,966.3,972.8960000000001,984.6390999999992
2017-10-24,975.9,972.748,984.3307999999992
2017-10-25,972.91,972.5514000000002,983.9464999999992
2017-10-26,972.43,972.4364000000002,983.6407999999991
2017-10-27,1100.95,975.2440000000001,984.549599999999
2017-10-30,1110.85,978.2916,985.555399999999
2017-10-31,1105.28,981.3314,986.8250999999991
2017-11-01,1103.68,984.067,988.212799999999
2017-11-02,1094.22,986.7914,989.347099999999
2017-11-03,1111.6,989.9744000000001,990.6983999999991
2017-11-06,1120.66,993.4824000000001,992.2632999999992
2017-11-07,1123.17,997.0254000000001,993.617899999999
2017-11-08,1132.88,1000.6018,994.9949999999991
2017-11-09,1129.13,1003.8326000000001,996.3603999999992
2017-11-10,1125.35,1006.7276,997.5915999999993
2017-11-13,1129.17,1009.7460000000001,998.8702999999992
2017-11-14,1136.84,1013.1774,1000.2012999999992
2017-11-15,1126.69,1016.3552000000001,1001.5283999999992
2017-11-16,1137.29,1019.5116,1003.1334999999992
2017-11-17,1129.88,1022.7912,1004.5289999999992
2017-11-20,1126.31,1025.7582,1006.0327999999993
2017-11-21,1139.49,1028.8963999999999,1007.7476999999993
2017-11-22,1156.16,1032.0276,1009.7726999999993
2017-11-24,1186.0,1035.9034,1011.9186999999994
2017-11-27,1195.83,1040.0842,1014.2255999999994
2017-11-28,1193.6,1044.4723999999999,1016.3739999999995
2017-11-29,1161.27,1048.3005999999998,1018.0219999999995
2017-11-30,1176.75,1052.3713999999998,1019.8481999999995
2017-12-01,1162.35,1056.3253999999997,1021.4065999999996
2017-12-04,1133.95,1059.9023999999997,1022.7397999999995
2017-12-05,1141.57,1063.9379999999996,1024.1373999999996
2017-12-06,1152.35,1068.2129999999997,1025.5604999999998
2017-12-07,1159.79,1072.3913999999997,1026.9138999999998
2017-12-08,1162.0,1076.5033999999996,1028.2651999999998
2017-12-11,1168.92,1080.6547999999996,1029.6673999999998
2017-12-12,1165.08,1084.7725999999996,1031.0614999999998
2017-12-13,1164.13,1088.9131999999997,1032.3132999999998
2017-12-14,1174.26,1093.0893999999998,1033.6571999999999
2017-12-15,1179.14,1097.0551999999998,1034.9206
2017-12-18,1190.58,1101.0751999999998,1036.3663999999999
2017-12-19,1187.38,1105.0029999999997,1038.0398
2017-12-20,1177.62,1108.8113999999998,1039.9381999999998
2017-12-21,1174.76,1112.4065999999998,1041.7239
2017-12-22,1168.36,1115.7551999999998,1043.4486
2017-12-26,1176.76,1119.2315999999998,1045.3469999999998
2017-12-27,1182.26,1122.75,1047.2937999999997
2017-12-28,1186.1,1126.2894000000001,1049.2320999999997
2017-12-29,1169.47,1129.7388,1051.0284
2018-01-02,1189.01,1133.7868,1053.0983999999999
2018-01-03,1204.2,1138.2125999999998,1055.5711999999999
2018-01-04,1209.59,1143.0783999999999,1057.9871999999998
2018-01-05,1229.14,1148.1431999999998,1060.4455999999998
2018-01-08,1246.87,1153.6223999999997,1063.0868999999996
2018-01-09,1252.7,1159.2277999999997,1065.8320999999996
2018-01-10,1254.33,1162.2953999999997,1068.7696999999996
2018-01-11,1276.68,1165.6119999999999,1071.9517999999996
2018-01-12,1305.2,1169.6103999999998,1075.4708999999996
2018-01-16,1304.86,1173.6339999999998,1078.8504999999996
2018-01-17,1295.0,1177.6495999999997,1082.2204999999997
2018-01-18,1293.32,1181.2839999999999,1085.6291999999996
2018-01-19,1294.58,1184.7623999999998,1089.1223999999997
2018-01-22,1327.31,1188.8451999999997,1092.9352999999996
2018-01-23,1362.54,1193.4383999999998,1097.0200999999997
2018-01-24,1357.51,1198.0059999999999,1100.9192999999996
2018-01-25,1377.95,1203.058,1104.8927999999996
2018-01-26,1402.05,1208.5156,1109.1307999999997
2018-01-29,1417.68,1214.1324,1113.6548999999995
2018-01-30,1437.82,1220.355,1118.3550999999995
2018-01-31,1450.89,1226.627,1123.0692999999994
2018-02-01,1390.0,1231.8294,1127.3102999999996
2018-02-02,1429.95,1237.9022,1131.8301999999994
2018-02-05,1390.0,1242.9124000000002,1135.9043999999994
2018-02-06,1442.84,1248.646,1140.3367999999994
2018-02-07,1416.78,1253.2615999999998,1144.5824999999993
2018-02-08,1350.5,1256.3549999999998,1148.2195999999994
2018-02-09,1339.6,1259.2749999999999,1151.8736999999994
2018-02-12,1386.23,1263.7742,1156.0373999999993
2018-02-13,1414.51,1268.5294000000001,1160.4503999999993
2018-02-14,1451.05,1274.3034,1165.3143999999993
2018-02-15,1461.76,1280.8596000000002,1170.3809999999992
2018-02-16,1448.69,1287.0020000000002,1175.4699999999993
2018-02-20,1468.35,1293.3220000000003,1180.7674999999992
2018-02-21,1482.92,1299.7846000000004,1186.0879999999993
2018-02-22,1485.34,1306.2514000000003,1191.3773999999994
2018-02-23,1500.0,1312.8730000000005,1196.7638999999992
2018-02-26,1521.95,1320.0104000000003,1202.3914999999993
2018-02-27,1511.98,1326.9674000000002,1207.940299999999
2018-02-28,1512.45,1333.7312000000002,1213.410299999999
2018-03-01,1493.45,1340.0174000000002,1218.536299999999
2018-03-02,1500.25,1346.2108,1223.6429999999991
2018-03-05,1523.61,1352.9354,1228.9691999999989
2018-03-06,1537.64,1360.1358000000002,1234.473599999999
2018-03-07,1545.0,1367.5406000000003,1239.973599999999
2018-03-08,1551.86,1375.2106000000003,1245.482899999999
2018-03-09,1578.89,1383.2532000000003,1251.242399999999
2018-03-12,1598.39,1391.5758000000005,1257.1628999999991
2018-03-13,1588.18,1399.6174,1262.953399999999
2018-03-14,1591.0,1408.0480000000002,1268.893399999999
2018-03-15,1582.32,1415.9142000000004,1274.850499999999
2018-03-16,1571.68,1423.2638000000004,1280.7381999999989
2018-03-19,1544.93,1429.9706000000003,1286.5244999999989
2018-03-20,1586.51,1437.1180000000002,1292.6305999999988
2018-03-21,1581.86,1443.8178000000003,1298.7200999999989
2018-03-22,1544.92,1449.6622000000002,1304.4449999999988
2018-03-23,1495.56,1454.4868000000001,1308.391099999999
2018-03-26,1555.86,1460.0704000000003,1312.8411999999987
2018-03-27,1497.05,1463.9074000000005,1316.7588999999987
2018-03-28,1431.42,1466.4386000000004,1320.0362999999988
2018-03-29,1447.34,1469.4854000000005,1323.5674999999987
2018-04-02,1371.99,1471.0588000000002,1326.1713999999986
2018-04-03,1392.05,1473.0082000000004,1328.8852999999986
2018-04-04,1410.57,1474.6734000000006,1331.7592999999986
2018-04-05,1451.75,1476.4576000000006,1334.9479999999985
2018-04-06,1405.23,1477.4120000000007,1337.7089999999985
2018-04-09,1406.08,1477.9746000000007,1340.5162999999984
2018-04-10,1436.22,1478.6580000000008,1343.5867999999982
2018-04-11,1427.05,1478.845400000001,1346.488899999998
2018-04-12,1448.5,1479.0590000000009,1349.706999999998
2018-04-13,1430.79,1478.6570000000006,1352.641999999998
2018-04-16,1441.5,1479.6870000000008,1355.758199999998
2018-04-17,1503.83,1481.1646000000007,1359.533399999998
2018-04-18,1527.84,1483.9214000000006,1363.416899999998
2018-04-19,1556.91,1486.202800000001,1367.424399999998
2018-04-20,1527.49,1488.417000000001,1370.8392999999978
2018-04-23,1517.86,1491.764200000001,1374.0595999999978
2018-04-24,1460.09,1494.174000000001,1376.7244999999978
2018-04-25,1460.17,1495.6528000000008,1379.713499999998
2018-04-26,1517.96,1497.7218000000012,1383.125599999998
2018-04-27,1572.62,1500.1532000000009,1387.228299999998
2018-04-30,1566.13,1502.2406000000012,1391.5500999999977
2018-05-01,1582.26,1504.912000000001,1395.9569999999978
2018-05-02,1569.68,1506.9386000000006,1400.1302999999978
2018-05-03,1572.08,1508.7218000000007,1404.2531999999974
2018-05-04,1580.95,1510.634000000001,1408.4426999999976
2018-05-07,1600.14,1512.636800000001,1412.7548999999976
2018-05-08,1592.39,1514.0456000000008,1417.0279999999977
2018-05-09,1608.0,1515.966000000001,1421.466699999998
2018-05-10,1609.08,1517.8986000000011,1425.8148999999976
2018-05-11,1602.91,1520.0878000000012,1430.0525999999975
2018-05-14,1601.54,1522.113600000001,1434.1621999999977
2018-05-15,1576.12,1523.163800000001,1438.0495999999976
2018-05-16,1587.28,1524.156600000001,1442.1461999999976
2018-05-17,1581.76,1524.8918000000008,1446.2161999999976
2018-05-18,1574.37,1525.3420000000008,1450.2762999999977
2018-05-21,1585.46,1525.4734000000008,1454.3632999999975
2018-05-22,1581.4,1525.1336000000008,1458.3546999999974
2018-05-23,1601.86,1525.4072000000008,1462.5122999999971
2018-05-24,1603.07,1525.6486000000011,1466.8482999999972
2018-05-25,1610.15,1526.2052000000008,1471.059699999997
2018-05-29,1612.87,1527.029000000001,1475.146399999997
2018-05-30,1624.89,1528.628200000001,1479.2993999999971
2018-05-31,1629.62,1529.490400000001,1483.3041999999969
2018-06-01,1641.54,1530.6840000000009,1487.250899999997
2018-06-04,1665.27,1533.091000000001,1491.3765999999969
2018-06-05,1696.35,1537.1068000000012,1495.7967999999971
2018-06-06,1695.75,1539.904600000001,1499.987499999997
2018-06-07,1689.3,1543.749600000001,1503.828499999997
2018-06-08,1683.99,1548.8010000000013,1507.619799999997
2018-06-11,1689.12,1553.6366000000012,1511.560999999997
2018-06-12,1698.75,1560.171800000001,1515.6152999999968
2018-06-13,1704.86,1566.428000000001,1519.7180999999969
2018-06-14,1723.86,1572.693800000001,1523.6835999999967
2018-06-15,1715.97,1577.978200000001,1527.2178999999967
2018-06-18,1723.79,1584.349400000001,1530.8806999999965
2018-06-19,1734.78,1590.9234000000008,1534.4489999999964
2018-06-20,1750.08,1597.2006000000008,1537.9292999999964
2018-06-21,1730.22,1603.2640000000008,1541.0546999999965
2018-06-22,1715.67,1608.6074000000008,1543.8331999999966
2018-06-25,1663.15,1613.254600000001,1545.9557999999963
2018-06-26,1691.09,1618.2464000000007,1548.9666999999963
2018-06-27,1660.51,1621.3800000000006,1551.2722999999962
2018-06-28,1701.45,1624.8522000000005,1554.3867999999964
2018-06-29,1699.8,1627.7100000000005,1556.9563999999964
2018-07-02,1713.78,1631.4358000000004,1559.9263999999964
2018-07-03,1693.96,1634.9578000000006,1563.3609999999962
2018-07-05,1699.73,1639.7506000000005,1566.9622999999963
2018-07-06,1710.63,1644.7598000000007,1570.2062999999962
2018-07-09,1739.02,1649.1810000000007,1573.451399999996
2018-07-10,1743.07,1652.5900000000008,1576.3715999999963
2018-07-11,1755.0,1656.3674000000008,1579.3039999999962
2018-07-12,1796.62,1660.6546000000008,1582.7832999999962
2018-07-13,1813.03,1665.521600000001,1586.2300999999961
2018-07-16,1822.49,1670.529800000001,1589.6257999999957
2018-07-17,1843.93,1675.7894000000008,1593.2116999999957
2018-07-18,1842.92,1680.645000000001,1596.6408999999958
2018-07-19,1812.97,1685.0566000000008,1599.5510999999958
2018-07-20,1813.7,1689.1706000000008,1602.5682999999958
2018-07-23,1802.0,1693.029000000001,1605.4637999999957
2018-07-24,1829.24,1697.5556000000008,1608.8216999999954
2018-07-25,1863.61,1702.797000000001,1612.4552999999953
2018-07-26,1808.0,1707.4346000000012,1615.2991999999954
2018-07-27,1817.27,1712.0344000000011,1618.0954999999951
2018-07-30,1779.22,1715.9836000000014,1620.4376999999952
2018-07-31,1777.44,1720.0450000000014,1622.6934999999953
2018-08-01,1797.17,1724.2792000000013,1624.8762999999954
2018-08-02,1834.33,1729.3378000000014,1627.2356999999952
2018-08-03,1823.29,1733.7664000000013,1629.5867999999953
2018-08-06,1847.75,1738.6600000000012,1632.1542999999954
2018-08-07,1862.48,1743.7066000000011,1634.9558999999954
2018-08-08,1886.52,1749.1796000000013,1638.1042999999952
2018-08-09,1898.52,1754.6522000000014,1641.6401999999953
2018-08-10,1886.3,1759.7858000000017,1644.6380999999951
2018-08-13,1896.2,1764.8790000000017,1647.7814999999953
2018-08-14,1919.65,1769.9666000000016,1651.528799999995
2018-08-15,1882.62,1773.6920000000014,1655.399399999995
2018-08-16,1886.52,1777.5074000000013,1658.7059999999951
2018-08-17,1882.22,1781.3658000000014,1662.5576999999953
2018-08-20,1876.71,1785.2202000000013,1667.010599999995
2018-08-21,1883.42,1789.1062000000013,1671.3713999999952
2018-08-22,1904.9,1793.2292000000014,1676.7004999999951
2018-08-23,1902.9,1797.1900000000012,1681.8089999999952
2018-08-24,1905.39,1800.8206000000011,1686.7571999999955
2018-08-27,1927.68,1805.054800000001,1691.5164999999952
2018-08-28,1932.82,1809.2354000000012,1696.7923999999953
2018-08-29,1998.1,1814.5018000000014,1702.7125999999955
2018-08-30,2002.38,1819.5478000000014,1708.3741999999954
2018-08-31,2012.71,1825.1976000000016,1714.2307999999955
2018-09-04,2039.51,1831.6744000000015,1720.1408999999956
2018-09-05,1994.82,1838.3078000000016,1725.7811999999956
2018-09-06,1958.31,1843.6522000000018,1730.9492999999957
2018-09-07,1952.07,1849.483400000002,1735.4316999999958
2018-09-10,1939.01,1854.234600000002,1739.543399999996
2018-09-11,1987.15,1859.981600000002,1743.8457999999957
2018-09-12,1990.0,1865.506000000002,1748.470899999996
2018-09-13,1989.87,1871.4242000000015,1753.190999999996
2018-09-14,1970.19,1876.8334000000018,1758.291999999996
2018-09-17,1908.03,1880.7814000000017,1762.770599999996
2018-09-18,1941.05,1884.8220000000015,1767.0014999999958
2018-09-19,1926.42,1888.4890000000014,1770.539499999996
2018-09-20,1944.3,1892.2750000000015,1774.3211999999958
2018-09-21,1915.01,1894.6428000000014,1777.6486999999959
2018-09-24,1934.36,1897.0694000000015,1781.2954999999959
2018-09-25,1974.55,1900.1106000000013,1785.3201999999958
2018-09-26,1974.85,1902.7290000000016,1789.2591999999959
2018-09-27,2012.98,1906.1302000000017,1793.3875999999957
2018-09-28,2003.0,1909.9308000000017,1797.4936999999957
2018-10-01,2004.36,1913.7440000000017,1801.4572999999955
2018-10-02,1971.31,1917.1302000000017,1805.0795999999955
2018-10-03,1952.76,1919.6006000000014,1808.5780999999956
2018-10-04,1909.42,1920.5168000000015,1811.6568999999956
2018-10-05,1889.65,1922.1498000000013,1814.7921999999955
2018-10-08,1864.42,1923.0928000000013,1817.5635999999959
2018-10-09,1870.32,1924.9148000000014,1820.4491999999957
2018-10-10,1755.25,1924.4710000000011,1822.2579999999957
2018-10-11,1719.36,1922.9148000000014,1823.5969999999957
2018-10-12,1788.61,1922.0004000000013,1825.6690999999958
2018-10-15,1760.95,1920.7536000000014,1827.259999999996
2018-10-16,1819.96,1920.1978000000015,1829.4288999999958
2018-10-17,1831.73,1919.5828000000015,1831.644699999996
2018-10-18,1770.72,1917.2668000000015,1833.223199999996
2018-10-19,1764.03,1914.5770000000014,1834.6145999999958
2018-10-22,1789.3,1912.6370000000013,1836.2113999999958
2018-10-23,1768.7,1910.0870000000014,1837.4829999999959
2018-10-24,1664.2,1904.9780000000014,1837.472299999996
2018-10-25,1782.17,1902.9690000000014,1838.3304999999962
2018-10-26,1642.81,1898.0948000000012,1837.801099999996
2018-10-29,1538.88,1891.2280000000014,1836.2968999999962
2018-10-30,1530.42,1884.3022000000012,1834.7611999999965
2018-10-31,1598.01,1878.5940000000012,1833.8500999999967
2018-11-01,1665.53,1873.8066000000013,1833.5178999999966
2018-11-02,1665.53,1869.0592000000013,1833.1245999999967
2018-11-05,1627.8,1863.5074000000013,1832.1639999999968
2018-11-06,1642.81,1857.8100000000015,1831.4323999999967
2018-11-07,1755.49,1854.2634000000014,1831.7493999999965
2018-11-08,1754.91,1849.3996000000013,1831.9506999999967
2018-11-09,1712.43,1843.6006000000011,1831.5741999999966
2018-11-12,1636.85,1836.0834000000011,1830.6404999999968
2018-11-13,1631.17,1827.9166000000012,1829.7954999999968
2018-11-14,1599.01,1820.000400000001,1829.1540999999968
2018-11-15,1619.44,1813.223000000001,1828.4375999999968
2018-11-16,1593.41,1806.049800000001,1827.7665999999967
2018-11-19,1512.29,1797.515400000001,1825.8749999999968
2018-11-20,1495.46,1787.6816000000013,1823.8315999999968
2018-11-21,1516.73,1778.2162000000012,1821.861099999997
2018-11-23,1502.06,1768.4600000000012,1819.942099999997
2018-11-26,1581.33,1760.6828000000012,1818.7580999999968
2018-11-27,1581.42,1754.150600000001,1817.465999999997
2018-11-28,1677.75,1748.884600000001,1816.853299999997
2018-11-29,1673.57,1743.8276000000012,1816.1582999999969
2018-11-30,1690.17,1738.7450000000013,1815.509999999997
2018-12-03,1772.36,1735.8920000000012,1815.267399999997
2018-12-04,1668.4,1730.572800000001,1813.821099999997
2018-12-06,1699.19,1725.065600000001,1812.588099999997
2018-12-07,1629.13,1718.1512000000012,1810.440099999997
2018-12-10,1641.03,1710.712200000001,1808.421199999997
2018-12-11,1643.24,1703.5170000000012,1806.723899999997
2018-12-12,1663.54,1696.700600000001,1805.222299999997
2018-12-13,1658.38,1690.4420000000014,1803.7860999999968
2018-12-14,1591.91,1683.2250000000015,1801.412799999997
2018-12-17,1520.91,1675.4548000000016,1797.9857999999972
2018-12-18,1551.48,1668.6914000000015,1795.4205999999974
2018-12-19,1495.08,1661.3046000000018,1792.1986999999974
2018-12-20,1460.83,1653.1148000000017,1789.0147999999972
2018-12-21,1377.45,1645.5588000000016,1785.0148999999974
2018-12-24,1343.96,1638.0508000000016,1780.482799999997
2018-12-26,1470.9,1631.6966000000016,1776.848499999997
2018-12-27,1461.64,1625.7104000000015,1773.2319999999972
2018-12-28,1478.02,1618.8716000000015,1769.5346999999972
2018-12-31,1501.97,1612.2764000000016,1765.929599999997
2019-01-02,1539.13,1607.6446000000017,1762.4556999999973
2019-01-03,1500.28,1602.3696000000016,1758.4732999999972
2019-01-04,1575.39,1598.0914000000016,1755.3641999999975
2019-01-07,1629.51,1595.3076000000015,1752.6972999999975
2019-01-08,1656.58,1595.1552000000017,1750.0665999999974
2019-01-09,1659.42,1592.7002000000016,1747.8345999999976
2019-01-10,1656.22,1592.9684000000018,1745.5315999999978
2019-01-11,1640.56,1595.0020000000015,1743.1149999999977
2019-01-14,1617.21,1596.7378000000017,1740.5199999999977
2019-01-15,1674.56,1598.2688000000019,1738.4313999999974
2019-01-16,1683.78,1598.6338000000019,1736.2201999999975
2019-01-17,1693.22,1599.1876000000018,1734.1233999999977
2019-01-18,1696.2,1600.5556000000017,1732.0314999999975
2019-01-22,1632.17,1600.3428000000017,1729.0763999999979
2019-01-23,1640.02,1598.0334000000016,1726.1483999999975
2019-01-24,1654.93,1596.0338000000015,1722.7166999999974
2019-01-25,1670.57,1595.1966000000018,1719.3985999999975
2019-01-28,1637.89,1595.2174000000016,1715.6503999999977
2019-01-29,1593.88,1594.4716000000017,1711.1940999999977
2019-01-30,1670.43,1595.9000000000017,1707.9501999999975
2019-01-31,1718.73,1597.8858000000016,1705.5543999999977
2019-02-01,1626.23,1598.5422000000015,1702.2959999999978
2019-02-04,1633.31,1600.9626000000017,1699.2389999999975
2019-02-05,1658.81,1604.2296000000015,1695.9555999999977
2019-02-06,1640.26,1606.7002000000014,1692.4581999999978
2019-02-07,1614.37,1608.9464000000014,1688.7031999999977
2019-02-08,1588.22,1609.0842000000014,1684.8834999999976
2019-02-11,1591.0,1609.2758000000013,1681.7131999999976
2019-02-12,1638.01,1608.4810000000011,1678.682799999998
2019-02-13,1640.0,1607.8096000000012,1675.8185999999978
2019-02-14,1622.65,1606.459200000001,1672.6020999999978
2019-02-15,1607.95,1603.171000000001,1669.531499999998
2019-02-19,1627.58,1602.354600000001,1666.463699999998
2019-02-20,1622.1,1600.812800000001,1662.939199999998
2019-02-21,1619.44,1600.619000000001,1659.3850999999981
2019-02-22,1631.56,1600.429600000001,1655.570899999998
2019-02-25,1633.0,1600.2248000000009,1651.8708999999978
2019-02-26,1636.4,1599.682000000001,1648.191299999998
2019-02-27,1641.09,1599.3362000000009,1644.889099999998
2019-02-28,1639.83,1600.2946000000009,1641.7597999999978
2019-03-01,1671.73,1603.3110000000006,1639.3828999999978
2019-03-04,1696.17,1606.2048000000007,1637.448099999998
2019-03-05,1692.43,1610.1518000000005,1635.7281999999977
2019-03-06,1668.95,1614.3142000000005,1633.7144999999978
2019-03-07,1625.95,1619.2842000000005,1632.4214999999979
2019-03-08,1620.8,1624.8210000000004,1631.435899999998
2019-03-11,1670.62,1628.8154000000004,1630.255999999998
2019-03-12,1673.1,1633.0446000000004,1629.377499999998
2019-03-13,1690.81,1637.3004000000003,1628.085999999998
2019-03-14,1686.22,1640.9854000000005,1626.6308999999978
2019-03-15,1712.36,1644.4500000000003,1626.0472999999977
2019-03-18,1742.15,1649.2874000000002,1625.8284999999978
2019-03-19,1761.85,1653.0166000000004,1625.5539999999978
2019-03-20,1797.27,1656.3718000000006,1625.8396999999977
2019-03-21,1819.26,1659.6254000000004,1627.3902999999978
2019-03-22,1764.77,1661.7324000000006,1627.2162999999973
2019-03-25,1774.26,1664.0932000000003,1628.5307999999975
2019-03-26,1783.76,1666.9572000000003,1630.9795999999976
2019-03-27,1765.7,1669.9270000000001,1633.3323999999975
2019-03-28,1773.42,1671.9042000000002,1635.0864999999976
2019-03-29,1780.75,1673.8436000000002,1636.2386999999976
2019-04-01,1814.19,1676.2630000000001,1637.7252999999976
2019-04-02,1813.98,1678.6186000000002,1639.587099999998
2019-04-03,1820.7,1682.3892,1641.365999999998
2019-04-04,1818.86,1685.9660000000001,1641.999699999998
2019-04-05,1837.28,1689.6130000000003,1642.823399999998
2019-04-08,1849.86,1693.1988000000001,1644.197699999998
2019-04-09,1835.84,1697.1578,1646.1875999999977
2019-04-10,1847.33,1702.2268,1648.3491999999976
2019-04-11,1844.07,1705.6996000000001,1650.7997999999975
2019-04-12,1843.06,1708.1862000000003,1653.0359999999973
2019-04-15,1844.87,1712.5590000000002,1655.5505999999973
2019-04-16,1863.04,1717.1536,1659.0580999999975
2019-04-17,1864.82,1721.2738000000004,1662.7516999999975
2019-04-18,1861.69,1725.7024000000006,1666.2012999999974
2019-04-22,1887.31,1731.1612000000005,1670.0537999999974
2019-04-23,1923.77,1737.8722000000007,1673.4781999999975
2019-04-24,1901.75,1744.0872000000006,1676.6814999999974
2019-04-25,1902.25,1749.3720000000008,1678.9264999999973
2019-04-26,1950.63,1755.5846000000008,1681.6970999999974
2019-04-29,1938.43,1761.9002000000007,1684.1796999999972
2019-04-30,1926.52,1768.271600000001,1685.7212999999972
2019-05-01,1911.52,1773.9504000000009,1688.1524999999972
2019-05-02,1900.82,1779.524800000001,1690.1687999999972
2019-05-03,1962.46,1786.385200000001,1693.502099999997
2019-05-06,1950.55,1792.7650000000012,1696.597299999997
2019-05-07,1921.0,1798.5250000000012,1699.374899999997
2019-05-08,1917.77,1804.1524000000013,1701.917199999997
2019-05-09,1899.87,1809.3280000000013,1704.3320999999967
2019-05-10,1889.98,1814.3310000000013,1707.3127999999967
2019-05-13,1822.68,1817.3500000000013,1710.3304999999966
2019-05-14,1840.12,1820.2290000000012,1713.2168999999965
2019-05-15,1871.15,1823.8034000000011,1716.9775999999965
2019-05-16,1907.57,1828.5758000000014,1721.4449999999968
2019-05-17,1869.0,1833.4368000000013,1726.3604999999966
2019-05-20,1858.97,1838.2002000000014,1731.5105999999969
2019-05-21,1857.52,1841.9382000000014,1735.3767999999968
2019-05-22,1859.68,1845.6698000000013,1739.3571999999965
2019-05-23,1815.48,1848.1632000000013,1742.7317999999968
2019-05-24,1823.28,1850.9044000000013,1745.9448999999968
2019-05-28,1836.43,1853.385800000001,1748.9178999999965
2019-05-29,1819.19,1854.9266000000011,1752.1069999999966
2019-05-30,1816.32,1856.0160000000012,1754.5162999999966
2019-05-31,1775.07,1855.5720000000013,1755.9718999999966
2019-06-03,1692.69,1853.0406000000014,1756.3329999999967
2019-06-04,1729.56,1852.3364000000013,1757.0343999999966
2019-06-05,1738.5,1851.6212000000014,1757.8571999999965
2019-06-06,1754.36,1851.0332000000014,1758.9951999999964
2019-06-07,1804.03,1851.7998000000016,1760.8633999999965
2019-06-10,1860.63,1853.5440000000017,1762.7240999999965
2019-06-11,1863.7,1855.2030000000016,1764.5232999999967
2019-06-12,1855.32,1856.0256000000018,1766.1442999999967
2019-06-13,1870.3,1857.1520000000019,1767.8852999999965
2019-06-14,1869.67,1858.1314000000018,1770.2602999999965
2019-06-17,1886.03,1859.4748000000018,1772.7203999999965
2019-06-18,1901.37,1860.7566000000018,1775.1847999999966
2019-06-19,1908.79,1861.9352000000017,1777.5669999999966
2019-06-20,1918.19,1863.5822000000016,1780.3699999999965
2019-06-21,1911.3,1864.8616000000018,1783.5441999999964
2019-06-24,1913.9,1866.2582000000016,1785.9788999999964
2019-06-25,1878.27,1866.9624000000017,1787.5742999999961
2019-06-26,1897.83,1868.0216000000019,1790.290299999996
2019-06-27,1904.28,1868.846400000002,1792.999999999996
2019-06-28,1893.63,1869.422600000002,1795.348199999996
2019-07-01,1922.19,1870.6326000000017,1798.167499999996
2019-07-02,1934.31,1871.5726000000018,1801.366899999996
2019-07-03,1939.0,1871.8772000000017,1804.874699999996
2019-07-05,1942.91,1872.7004000000018,1808.393799999996
2019-07-08,1952.32,1873.7018000000019,1811.536899999996
2019-07-09,1988.3,1874.455200000002,1815.019899999996
2019-07-10,2017.41,1876.0348000000022,1818.9674999999959
2019-07-11,2001.07,1877.5258000000022,1822.8986999999959
2019-07-12,2011.0,1879.515400000002,1826.732899999996
2019-07-15,2020.99,1881.9188000000022,1830.721799999996
2019-07-16,2009.9,1882.8676000000019,1834.6263999999958
2019-07-17,1992.03,1883.6972000000017,1838.2310999999959
2019-07-18,1977.9,1884.8352000000016,1841.6800999999957
2019-07-19,1964.52,1885.7702000000018,1844.9612999999956
2019-07-22,1985.63,1887.4854000000018,1848.4066999999957
2019-07-23,1994.49,1889.575600000002,1851.9532999999958
2019-07-24,2000.81,1893.1382000000021,1855.2440999999956
2019-07-25,1973.82,1895.8122000000023,1858.0205999999955
2019-07-26,1943.05,1897.2502000000025,1860.5267999999955
2019-07-29,1912.45,1897.3478000000023,1862.9617999999955
2019-07-30,1898.53,1897.9384000000023,1865.6875999999954
2019-07-31,1866.78,1898.0946000000022,1868.1473999999955
2019-08-01,1855.32,1898.0506000000023,1869.9943999999957
2019-08-02,1823.24,1897.3218000000024,1871.4957999999956
2019-08-05,1765.13,1896.3148000000028,1872.2389999999955
2019-08-06,1787.83,1895.6058000000028,1873.2550999999955
2019-08-07,1793.4,1894.7452000000028,1874.0654999999956
2019-08-08,1832.89,1895.0192000000027,1874.9728999999957
2019-08-09,1807.58,1894.8444000000027,1875.4301999999955
2019-08-12,1784.92,1895.0414000000026,1875.3066999999958
2019-08-13,1824.34,1897.6744000000024,1875.3574999999955
2019-08-14,1762.96,1898.3424000000025,1875.3393999999957
2019-08-15,1776.12,1899.0948000000024,1875.3579999999956
2019-08-16,1792.57,1899.8590000000027,1875.4460999999956
2019-08-19,1816.12,1900.1008000000024,1875.9502999999954
2019-08-20,1801.38,1898.9158000000025,1876.2298999999953
2019-08-21,1823.54,1898.1126000000024,1876.6577999999954
2019-08-22,1804.66,1897.0994000000023,1876.5624999999955
2019-08-23,1749.62,1894.6858000000022,1875.9188999999951
2019-08-26,1768.87,1892.6698000000022,1875.400599999995
2019-08-27,1761.83,1890.1858000000022,1874.830299999995
2019-08-28,1764.25,1887.4434000000024,1874.0999999999951
2019-08-29,1786.4,1884.9956000000022,1873.465399999995
2019-08-30,1776.29,1882.157600000002,1872.8698999999951
2019-09-03,1789.84,1879.728400000002,1872.2949999999953
2019-09-04,1800.62,1877.462800000002,1871.8604999999952
2019-09-05,1840.72,1876.7118000000019,1871.8370999999952
2019-09-06,1833.51,1875.425400000002,1871.7234999999955
2019-09-09,1831.35,1873.966800000002,1871.4065999999955
2019-09-10,1820.55,1872.5052000000019,1870.9638999999952
2019-09-11,1822.99,1870.521200000002,1870.576899999995
2019-09-12,1843.55,1868.7060000000022,1870.139299999995
2019-09-13,1839.34,1866.712800000002,1869.294999999995
2019-09-16,1807.84,1864.011400000002,1868.355899999995
2019-09-17,1822.55,1861.4160000000018,1867.558899999995
2019-09-18,1817.46,1857.9992000000018,1866.2271999999948
2019-09-19,1821.5,1854.0810000000017,1865.0578999999948
2019-09-20,1794.16,1849.9428000000016,1863.734299999995
2019-09-23,1785.3,1845.4288000000017,1862.472099999995
2019-09-24,1741.61,1839.8412000000017,1860.8799999999947
2019-09-25,1768.33,1835.0098000000019,1858.9386999999947
2019-09-26,1739.84,1829.9660000000017,1856.8315999999948
2019-09-27,1725.45,1824.917000000002,1854.876099999995
2019-09-30,1735.91,1820.344800000002,1853.0574999999951
2019-10-01,1735.65,1815.3452000000016,1851.415299999995
2019-10-02,1713.23,1809.7200000000014,1849.647799999995
2019-10-03,1724.42,1804.1922000000015,1848.6651999999951
2019-10-04,1739.65,1799.5088000000012,1847.6604999999952
2019-10-07,1732.66,1795.3010000000013,1846.2755999999954
2019-10-08,1705.51,1791.1622000000011,1844.2549999999953
2019-10-09,1721.99,1787.6314000000013,1842.7848999999953
2019-10-10,1720.26,1784.7010000000012,1841.3977999999954
2019-10-11,1731.92,1782.233000000001,1840.1417999999956
2019-10-14,1736.43,1780.4968000000008,1838.9092999999955
2019-10-15,1767.38,1780.5418000000009,1838.4282999999955
2019-10-16,1777.43,1780.3338000000006,1837.9697999999955
2019-10-17,1787.48,1780.2154000000007,1837.4802999999956
2019-10-18,1757.51,1778.7078000000006,1836.8634999999956
2019-10-21,1785.66,1778.2694000000006,1836.5568999999957
2019-10-22,1765.73,1777.8856000000005,1836.4634999999957
2019-10-23,1762.17,1776.6422000000007,1837.1582999999957
2019-10-24,1780.78,1776.9986000000004,1837.6704999999959
2019-10-25,1761.33,1776.7028000000005,1837.8987999999956
2019-10-28,1777.08,1776.3930000000005,1838.1259999999957
2019-10-29,1762.71,1775.3248000000008,1837.7127999999957
2019-10-30,1779.99,1774.8970000000006,1836.9063999999955
2019-10-31,1776.66,1773.9594000000009,1836.0359999999955
2019-11-01,1791.44,1773.6950000000008,1835.3971999999953
2019-11-04,1804.66,1774.795800000001,1834.7407999999955
2019-11-05,1801.71,1775.4526000000012,1834.0611999999953
2019-11-06,1795.77,1776.1314000000013,1833.1585999999952
2019-11-07,1788.2,1776.6104000000012,1832.0268999999953
2019-11-08,1785.88,1776.6000000000015,1830.7977999999953
2019-11-11,1771.65,1776.5072000000014,1829.3323999999952
2019-11-12,1778.0,1776.2704000000015,1827.9993999999954
2019-11-13,1753.11,1775.3202000000017,1826.3914999999952
2019-11-14,1754.6,1773.5978000000018,1825.1547999999955
2019-11-15,1739.49,1771.717400000002,1823.5713999999955
2019-11-18,1752.53,1770.141000000002,1822.0538999999956
2019-11-19,1752.79,1768.7858000000017,1820.6454999999955
2019-11-20,1745.53,1767.2366000000015,1818.8788999999954
2019-11-21,1734.71,1765.0598000000016,1816.8828999999955
2019-11-22,1745.72,1763.1874000000016,1814.9500999999955
2019-11-25,1773.84,1762.5074000000016,1813.2593999999954
2019-11-26,1796.94,1761.9952000000017,1811.7055999999952
2019-11-27,1818.51,1762.0162000000014,1810.0076999999956
2019-11-29,1800.8,1761.6022000000014,1807.8415999999954
2019-12-02,1781.6,1761.3510000000015,1805.6468999999954
2019-12-03,1769.96,1761.0442000000016,1803.2364999999952
2019-12-04,1760.69,1761.4258000000016,1800.6334999999954
2019-12-05,1740.48,1760.8688000000016,1797.9392999999955
2019-12-06,1751.6,1761.1040000000016,1795.5349999999955
2019-12-09,1749.51,1761.5852000000016,1793.2510999999959
2019-12-10,1739.21,1761.6512000000016,1790.9979999999957
2019-12-11,1748.72,1761.912600000002,1788.6288999999958
2019-12-12,1760.33,1762.854600000002,1786.2872999999956
2019-12-13,1760.94,1763.585000000002,1783.8885999999957
2019-12-16,1769.21,1764.1762000000024,1781.8424999999957
2019-12-17,1790.66,1765.3362000000022,1780.3185999999957
2019-12-18,1784.03,1766.9066000000023,1779.0343999999957
2019-12-19,1792.28,1768.3124000000023,1777.9718999999957
2019-12-20,1786.5,1769.6372000000024,1777.1690999999958
2019-12-23,1793.0,1770.8588000000025,1776.5458999999955
2019-12-24,1789.21,1771.9144000000026,1776.2055999999957
2019-12-26,1868.77,1773.9422000000027,1777.2419999999954
2019-12-27,1869.8,1775.7896000000028,1778.0616999999954
2019-12-30,1846.89,1776.9778000000028,1778.5965999999958
2019-12-31,1847.84,1778.784400000003,1778.7460999999955
2020-01-02,1898.01,1781.0314000000028,1779.6503999999957
2020-01-03,1874.97,1783.2162000000028,1780.5508999999956
2020-01-06,1902.88,1786.030400000003,1781.3362999999956
2020-01-07,1906.86,1788.552000000003,1782.7752999999957
2020-01-08,1891.97,1791.164800000003,1783.9337999999957
2020-01-09,1901.05,1793.6442000000031,1785.0185999999956
2020-01-10,1883.16,1796.053200000003,1785.6889999999955
2020-01-13,1891.3,1798.2794000000029,1786.5881999999954
2020-01-14,1869.44,1800.135000000003,1787.0471999999954
2020-01-15,1862.02,1801.5466000000029,1787.6207999999951
2020-01-16,1877.94,1803.0122000000028,1788.9039999999952
2020-01-17,1864.72,1804.2724000000028,1789.8624999999954
2020-01-21,1892.0,1806.1970000000028,1791.1641999999954
2020-01-22,1887.46,1808.182200000003,1792.3962999999953
2020-01-23,1884.58,1810.1562000000029,1793.3780999999954
2020-01-24,1861.64,1811.9560000000029,1794.2315999999953
2020-01-27,1828.34,1812.962800000003,1794.6165999999953
2020-01-28,1853.25,1814.965600000003,1795.1428999999955
2020-01-29,1858.0,1817.0336000000027,1795.3156999999953
2020-01-30,1870.68,1819.6574000000026,1795.6873999999953
2020-01-31,2008.72,1824.7812000000026,1797.4610999999952
2020-02-03,2004.2,1829.8094000000026,1799.2975999999953
2020-02-04,2049.67,1835.8922000000027,1801.5643999999957
2020-02-05,2039.87,1841.9954000000025,1803.5275999999958
2020-02-06,2050.23,1848.0856000000024,1805.636499999996
2020-02-07,2079.28,1854.1944000000024,1808.3508999999958
2020-02-10,2133.91,1860.9338000000023,1811.464499999996
2020-02-11,2150.8,1867.5796000000025,1814.797899999996
2020-02-12,2160.0,1874.7636000000025,1818.182899999996
2020-02-13,2149.87,1882.1290000000022,1821.739999999996
2020-02-14,2134.87,1889.4272000000021,1825.235699999996
2020-02-18,2155.67,1897.3268000000019,1829.3762999999963
2020-02-19,2170.22,1905.9216000000022,1833.3951999999963
2020-02-20,2153.1,1913.9516000000021,1837.5277999999964
2020-02-21,2095.97,1920.8808000000022,1841.2329999999963
2020-02-24,2009.29,1926.2824000000019,1843.9667999999965
2020-02-25,1972.74,1930.762800000002,1846.3376999999964
2020-02-26,1979.59,1935.148000000002,1849.0012999999963
2020-02-27,1884.3,1937.615200000002,1850.600099999996
2020-02-28,1883.75,1939.9060000000018,1852.041099999996
2020-03-02,1953.95,1943.1718000000017,1854.2539999999963
2020-03-03,1908.99,1945.6710000000019,1856.288799999996
2020-03-04,1975.83,1949.342000000002,1858.8271999999959
2020-03-05,1924.03,1952.0926000000018,1860.864899999996
2020-03-06,1901.09,1954.2544000000019,1862.5565999999956
2020-03-09,1800.61,1954.4824000000017,1863.1983999999957
2020-03-10,1891.82,1954.9434000000017,1864.4427999999957
2020-03-11,1820.86,1953.9646000000016,1864.8770999999956
2020-03-12,1676.61,1950.5590000000018,1863.7683999999954
2020-03-13,1785.0,1949.3022000000017,1864.0432999999953
2020-03-16,1689.15,1945.1250000000018,1863.0781999999951
2020-03-17,1807.84,1943.7824000000016,1863.499299999995
2020-03-18,1830.0,1942.3248000000015,1864.1775999999948
2020-03-19,1880.93,1941.8062000000014,1865.1790999999948
2020-03-20,1846.09,1940.8886000000014,1866.026699999995
2020-03-23,1902.83,1940.9242000000013,1867.2841999999948
2020-03-24,1940.1,1942.0630000000012,1869.058099999995
2020-03-25,1885.84,1941.9538000000011,1870.116599999995
2020-03-26,1955.49,1943.6748000000014,1871.904899999995
2020-03-27,1900.1,1944.4364000000014,1872.991499999995
2020-03-30,1963.95,1946.1566000000012,1874.5843999999952
2020-03-31,1949.72,1947.8566000000012,1876.0644999999952
2020-04-01,1907.7,1948.170600000001,1877.1837999999955
2020-04-02,1918.83,1948.7980000000011,1878.4900999999952
2020-04-03,1906.59,1949.238200000001,1879.697199999995
2020-04-06,1997.59,1951.957200000001,1881.956599999995
2020-04-07,2011.6,1955.622400000001,1884.2925999999952
2020-04-08,2043.0,1959.4174000000012,1887.1914999999954
2020-04-09,2042.76,1963.112600000001,1890.0730999999953
2020-04-13,2168.87,1969.076400000001,1894.3668999999954
2020-04-14,2283.32,1974.568400000001,1899.6747999999955
2020-04-15,2307.68,1980.638000000001,1905.2236999999952
2020-04-16,2408.19,1987.808400000001,1911.8502999999953
2020-04-17,2375.0,1994.5110000000013,1918.2531999999953
2020-04-20,2393.61,2001.3786000000014,1924.7320999999952
2020-04-21,2328.12,2006.3554000000013,1930.2748999999953
2020-04-22,2363.49,2010.9470000000013,1935.9403999999952
2020-04-23,2399.45,2015.9200000000012,1941.749799999995
2020-04-24,2410.22,2020.9244000000012,1947.8439999999953
2020-04-27,2376.0,2025.4470000000013,1953.7879999999952
2020-04-28,2314.08,2029.0312000000015,1959.2291999999952
2020-04-29,2372.71,2033.3720000000017,1965.349399999995
2020-04-30,2474.0,2039.4476000000016,1972.684599999995
2020-05-01,2286.04,2042.1064000000013,1978.028999999995
2020-05-04,2315.99,2046.5068000000015,1983.6937999999948
2020-05-05,2317.8,2052.6770000000015,1989.4796999999949
2020-05-06,2351.26,2060.2474000000016,1995.5050999999949
2020-05-07,2367.61,2068.007800000001,2001.5778999999948
2020-05-08,2379.61,2077.9140000000016,2007.7645999999947
2020-05-11,2409.0,2088.4190000000012,2014.1624999999947
2020-05-12,2356.95,2096.479000000001,2019.825399999995
2020-05-13,2367.92,2105.6576000000014,2025.664299999995
2020-05-14,2388.85,2113.9180000000015,2031.629999999995
2020-05-15,2409.78,2123.633000000001,2037.862799999995
2020-05-18,2426.26,2134.1364000000012,2044.195399999995
2020-05-19,2449.33,2147.1108000000013,2050.796599999995
2020-05-20,2497.94,2159.233200000001,2057.0882999999953
2020-05-21,2446.74,2171.750800000001,2062.857699999995
2020-05-22,2436.88,2186.9562000000014,2068.7575999999954
2020-05-26,2421.86,2199.6934000000015,2074.497799999995
2020-05-27,2410.39,2214.1182000000017,2079.621599999995
2020-05-28,2401.1,2225.983400000002,2084.882899999995
2020-05-29,2442.37,2238.2308000000016,2090.277799999995
2020-06-01,2471.04,2250.0330000000017,2095.919599999995
2020-06-02,2472.41,2262.559400000002,2101.723999999995
2020-06-03,2478.4,2274.070800000002,2107.4974999999954
2020-06-04,2460.6,2284.4808000000016,2113.271899999995
2020-06-05,2483.0,2296.424000000002,2119.1888999999956
2020-06-08,2524.06,2307.7954000000013,2125.7350999999953
2020-06-09,2600.86,2321.8106000000016,2133.1234999999956
2020-06-10,2647.45,2335.4806000000012,2140.8185999999955
2020-06-11,2557.96,2347.6454000000017,2147.750999999995
2020-06-12,2545.02,2360.3918000000017,2154.2811999999954
2020-06-15,2572.68,2373.4688000000015,2161.133399999995
2020-06-16,2615.27,2387.6424000000015,2168.440299999995
2020-06-17,2640.98,2400.5102000000015,2176.233699999995
2020-06-18,2653.98,2413.3578000000016,2184.4900999999954
2020-06-19,2675.01,2425.9980000000014,2192.7076999999954
2020-06-22,2713.82,2439.4192000000016,2201.265899999996
2020-06-23,2764.41,2451.3300000000017,2210.203199999996
2020-06-24,2734.4,2460.3516000000013,2217.4599999999955
2020-06-25,2754.58,2469.289600000002,2224.9637999999954
2020-06-26,2692.87,2474.9832000000015,2231.3957999999952
2020-06-29,2680.38,2481.0908000000018,2237.800899999995
2020-06-30,2758.82,2488.395000000002,2244.886799999995
2020-07-01,2878.7,2499.4066000000016,2252.8809999999953
2020-07-02,2890.3,2509.9428000000016,2260.4448999999954
2020-07-06,3057.04,2523.0946000000017,2269.5072999999957
2020-07-07,3000.12,2534.8926000000015,2277.9084999999955
2020-07-08,3081.11,2548.9948000000018,2287.2208999999953
2020-07-09,3182.63,2566.3658000000014,2297.6984999999954
2020-07-10,3200.0,2582.9116000000017,2308.1417999999953
2020-07-13,3104.0,2595.5116000000016,2317.479599999995
2020-07-14,3084.0,2611.4708000000014,2326.7885999999953
2020-07-15,3008.87,2625.328400000002,2335.917599999995
2020-07-16,2999.9,2638.970400000002,2345.823699999995
2020-07-17,2961.97,2651.184600000002,2355.715999999995
2020-07-20,3196.84,2667.769200000002,2367.888499999995
2020-07-21,3138.29,2682.9428000000025,2380.4283999999952
2020-07-22,3099.91,2696.7610000000027,2392.589999999995
2020-07-23,2986.55,2709.3530000000023,2402.915999999995
2020-07-24,3008.91,2722.172800000002,2413.9151999999954
