date,closing_price,stock_symbol,50_ma,100_ma
2019-07-25, 207.02 ,AAPL,0,0
2019-07-26, 207.74 ,AAPL,0,0
2019-07-29, 209.68 ,AAPL,0,0
2019-07-30, 208.78 ,AAPL,0,0
2019-07-31, 213.04 ,AAPL,0,0
2019-08-01, 208.43 ,AAPL,0,0
2019-08-02, 204.02 ,AAPL,0,0
2019-08-05, 193.34 ,AAPL,0,0
2019-08-06, 197.00 ,AAPL,0,0
2019-08-07, 199.04 ,AAPL,0,0
2019-08-08, 203.43 ,AAPL,0,0
2019-08-09, 200.99 ,AAPL,0,0
2019-08-12, 200.48 ,AAPL,0,0
2019-08-13, 208.97 ,AAPL,0,0
2019-08-14, 202.75 ,AAPL,0,0
2019-08-15, 201.74 ,AAPL,0,0
2019-08-16, 206.50 ,AAPL,0,0
2019-08-19, 210.35 ,AAPL,0,0
2019-08-20, 210.36 ,AAPL,0,0
2019-08-21, 212.64 ,AAPL,0,0
2019-08-22, 212.46 ,AAPL,0,0
2019-08-23, 202.64 ,AAPL,0,0
2019-08-26, 206.49 ,AAPL,0,0
2019-08-27, 204.16 ,AAPL,0,0
2019-08-28, 205.53 ,AAPL,0,0
2019-08-29, 209.01 ,AAPL,0,0
2019-08-30, 208.74 ,AAPL,0,0
2019-09-03, 205.70 ,AAPL,0,0
2019-09-04, 209.19 ,AAPL,0,0
2019-09-05, 213.28 ,AAPL,0,0
2019-09-06, 213.26 ,AAPL,0,0
2019-09-09, 214.17 ,AAPL,0,0
2019-09-10, 216.70 ,AAPL,0,0
2019-09-11, 223.59 ,AAPL,0,0
2019-09-12, 223.09 ,AAPL,0,0
2019-09-13, 218.75 ,AAPL,0,0
2019-09-16, 219.90 ,AAPL,0,0
2019-09-17, 220.70 ,AAPL,0,0
2019-09-18, 222.77 ,AAPL,0,0
2019-09-19, 220.96 ,AAPL,0,0
2019-09-20, 217.73 ,AAPL,0,0
2019-09-23, 218.72 ,AAPL,0,0
2019-09-24, 217.68 ,AAPL,0,0
2019-09-25, 221.03 ,AAPL,0,0
2019-09-26, 219.89 ,AAPL,0,0
2019-09-27, 218.82 ,AAPL,0,0
2019-09-30, 223.97 ,AAPL,0,0
2019-10-01, 224.59 ,AAPL,0,0
2019-10-02, 218.96 ,AAPL,0,0
2019-10-03, 220.82 ,AAPL,0,0
2019-10-04, 227.01 ,AAPL, 211.89 ,0
2019-10-07, 227.06 ,AAPL, 212.29 ,0
2019-10-08, 224.40 ,AAPL, 212.61 ,0
2019-10-09, 227.03 ,AAPL, 212.95 ,0
2019-10-10, 230.09 ,AAPL, 213.37 ,0
2019-10-11, 236.21 ,AAPL, 213.83 ,0
2019-10-14, 235.87 ,AAPL, 214.36 ,0
2019-10-15, 235.32 ,AAPL, 214.98 ,0
2019-10-16, 234.37 ,AAPL, 215.78 ,0
2019-10-17, 235.28 ,AAPL, 216.53 ,0
2019-10-18, 236.41 ,AAPL, 217.27 ,0
2019-10-21, 240.51 ,AAPL, 217.99 ,0
2019-10-22, 239.96 ,AAPL, 218.76 ,0
2019-10-23, 243.18 ,AAPL, 219.59 ,0
2019-10-24, 243.58 ,AAPL, 220.27 ,0
2019-10-25, 246.58 ,AAPL, 221.13 ,0
2019-10-28, 249.05 ,AAPL, 222.06 ,0
2019-10-29, 243.29 ,AAPL, 222.78 ,0
2019-10-30, 243.26 ,AAPL, 223.43 ,0
2019-10-31, 248.76 ,AAPL, 224.18 ,0
2019-11-01, 255.82 ,AAPL, 225.03 ,0
2019-11-04, 257.50 ,AAPL, 225.91 ,0
2019-11-05, 257.13 ,AAPL, 226.98 ,0
2019-11-06, 257.24 ,AAPL, 227.97 ,0
2019-11-07, 259.43 ,AAPL, 229.06 ,0
2019-11-08, 260.14 ,AAPL, 230.13 ,0
2019-11-11, 262.20 ,AAPL, 231.17 ,0
2019-11-12, 261.96 ,AAPL, 232.21 ,0
2019-11-13, 264.47 ,AAPL, 233.37 ,0
2019-11-14, 262.64 ,AAPL, 234.41 ,0
2019-11-15, 265.76 ,AAPL, 235.44 ,0
2019-11-18, 267.10 ,AAPL, 236.50 ,0
2019-11-19, 266.29 ,AAPL, 237.52 ,0
2019-11-20, 263.19 ,AAPL, 238.43 ,0
2019-11-21, 262.01 ,AAPL, 239.19 ,0
2019-11-22, 261.78 ,AAPL, 239.94 ,0
2019-11-25, 266.37 ,AAPL, 240.88 ,0
2019-11-26, 264.29 ,AAPL, 241.75 ,0
2019-11-27, 267.84 ,AAPL, 242.67 ,0
2019-11-29, 267.25 ,AAPL, 243.55 ,0
2019-12-02, 264.16 ,AAPL, 244.39 ,0
2019-12-03, 259.45 ,AAPL, 245.21 ,0
2019-12-04, 261.74 ,AAPL, 246.05 ,0
2019-12-05, 265.58 ,AAPL, 246.99 ,0
2019-12-06, 270.71 ,AAPL, 247.97 ,0
2019-12-09, 266.92 ,AAPL, 248.89 ,0
2019-12-10, 268.48 ,AAPL, 249.86 ,0
2019-12-11, 270.77 ,AAPL, 250.78 ,0
2019-12-12, 271.46 ,AAPL, 251.70 ,0
2019-12-13, 275.15 ,AAPL, 252.80 , 232.09 
2019-12-16, 279.86 ,AAPL, 253.96 , 232.77 
2019-12-17, 280.41 ,AAPL, 255.01 , 233.50 
2019-12-18, 279.74 ,AAPL, 256.04 , 234.22 
2019-12-19, 280.02 ,AAPL, 257.13 , 234.93 
2019-12-20, 279.44 ,AAPL, 258.16 , 235.61 
2019-12-23, 284.00 ,AAPL, 259.21 , 236.33 
2019-12-24, 284.27 ,AAPL, 260.16 , 237.14 
2019-12-26, 289.91 ,AAPL, 261.22 , 238.05 
2019-12-27, 289.80 ,AAPL, 262.28 , 238.99 
2019-12-30, 291.52 ,AAPL, 263.41 , 239.91 
2019-12-31, 293.65 ,AAPL, 264.55 , 240.80 
2020-01-02, 300.35 ,AAPL, 265.80 , 241.73 
2020-01-03, 297.43 ,AAPL, 266.92 , 242.74 
2020-01-06, 299.80 ,AAPL, 268.09 , 243.64 
2020-01-07, 298.39 ,AAPL, 269.18 , 244.62 
2020-01-08, 303.19 ,AAPL, 270.34 , 245.59 
2020-01-09, 309.63 ,AAPL, 271.58 , 246.57 
2020-01-10, 310.33 ,AAPL, 272.78 , 247.57 
2020-01-13, 316.96 ,AAPL, 274.23 , 248.58 
2020-01-14, 312.68 ,AAPL, 275.59 , 249.64 
2020-01-15, 311.34 ,AAPL, 276.81 , 250.65 
2020-01-16, 315.24 ,AAPL, 277.98 , 251.75 
2020-01-17, 318.73 ,AAPL, 279.18 , 252.85 
2020-01-21, 316.57 ,AAPL, 280.35 , 254.00 
2020-01-22, 317.70 ,AAPL, 281.53 , 255.12 
2020-01-23, 319.23 ,AAPL, 282.70 , 256.22 
2020-01-24, 318.31 ,AAPL, 283.84 , 257.34 
2020-01-27, 308.95 ,AAPL, 284.76 , 258.48 
2020-01-28, 317.69 ,AAPL, 285.85 , 259.48 
2020-01-29, 324.34 ,AAPL, 287.03 , 260.54 
2020-01-30, 323.87 ,AAPL, 288.23 , 261.66 
2020-01-31, 309.51 ,AAPL, 289.09 , 262.77 
2020-02-03, 308.66 ,AAPL, 289.90 , 263.71 
2020-02-04, 318.85 ,AAPL, 290.93 , 264.57 
2020-02-05, 321.45 ,AAPL, 292.07 , 265.53 
2020-02-06, 325.21 ,AAPL, 293.31 , 266.57 
2020-02-07, 320.03 ,AAPL, 294.46 , 267.63 
2020-02-10, 321.55 ,AAPL, 295.54 , 268.64 
2020-02-11, 319.61 ,AAPL, 296.62 , 269.63 
2020-02-12, 327.20 ,AAPL, 297.79 , 270.63 
2020-02-13, 324.87 ,AAPL, 298.92 , 271.74 
2020-02-14, 324.95 ,AAPL, 300.11 , 272.81 
2020-02-18, 319.00 ,AAPL, 301.28 , 273.89 
2020-02-19, 323.62 ,AAPL, 302.49 , 274.88 
2020-02-20, 320.30 ,AAPL, 303.56 , 275.93 
2020-02-21, 313.05 ,AAPL, 304.39 , 276.96 
2020-02-24, 298.18 ,AAPL, 305.00 , 277.85 
2020-02-25, 288.08 ,AAPL, 305.39 , 278.60 
2020-02-26, 292.65 ,AAPL, 305.82 , 279.30 
2020-02-27, 273.52 ,AAPL, 305.86 , 280.02 
2020-02-28, 273.36 ,AAPL, 305.82 , 280.49 
2020-03-02, 298.81 ,AAPL, 306.20 , 280.96 
2020-03-03, 289.32 ,AAPL, 306.37 , 281.71 
2020-03-04, 302.74 ,AAPL, 306.82 , 282.34 
2020-03-05, 292.92 ,AAPL, 307.07 , 283.07 
2020-03-06, 289.03 ,AAPL, 307.26 , 283.65 
2020-03-09, 266.17 ,AAPL, 306.91 , 284.18 
2020-03-10, 285.34 ,AAPL, 306.93 , 284.50 
2020-03-11, 275.43 ,AAPL, 306.65 , 285.01 
2020-03-12, 248.23 ,AAPL, 305.83 , 285.42 
2020-03-13, 277.97 ,AAPL, 305.57 , 285.54 
2020-03-16, 242.21 ,AAPL, 304.56 , 285.91 
2020-03-17, 252.86 ,AAPL, 303.63 , 285.94 
2020-03-18, 246.67 ,AAPL, 302.63 , 286.03 
2020-03-19, 244.78 ,AAPL, 301.55 , 286.07 
2020-03-20, 229.24 ,AAPL, 300.20 , 286.05 
2020-03-23, 224.37 ,AAPL, 298.65 , 285.85 
2020-03-24, 246.88 ,AAPL, 297.42 , 285.66 
2020-03-25, 245.52 ,AAPL, 296.15 , 285.69 
2020-03-26, 258.44 ,AAPL, 295.00 , 285.66 
2020-03-27, 247.74 ,AAPL, 293.73 , 285.69 
2020-03-30, 254.81 ,AAPL, 292.62 , 285.59 
2020-03-31, 254.29 ,AAPL, 291.43 , 285.56 
2020-04-01, 240.91 ,AAPL, 289.90 , 285.53 
2020-04-02, 244.93 ,AAPL, 288.50 , 285.35 
2020-04-03, 241.41 ,AAPL, 287.00 , 285.19 
2020-04-06, 262.47 ,AAPL, 285.89 , 284.98 
2020-04-07, 259.43 ,AAPL, 284.73 , 284.99 
2020-04-08, 266.07 ,AAPL, 283.89 , 284.94 
2020-04-09, 267.99 ,AAPL, 282.92 , 284.97 
2020-04-13, 273.25 ,AAPL, 281.92 , 285.00 
2020-04-14, 287.05 ,AAPL, 281.19 , 285.06 
2020-04-15, 284.43 ,AAPL, 280.70 , 285.27 
2020-04-16, 286.69 ,AAPL, 280.27 , 285.48 
2020-04-17, 282.80 ,AAPL, 279.57 , 285.73 
2020-04-20, 276.93 ,AAPL, 278.69 , 285.94 
2020-04-21, 268.37 ,AAPL, 277.58 , 286.05 
2020-04-22, 276.10 ,AAPL, 276.72 , 286.09 
2020-04-23, 275.03 ,AAPL, 275.80 , 286.17 
2020-04-24, 282.97 ,AAPL, 275.09 , 286.25 
2020-04-27, 283.17 ,AAPL, 274.22 , 286.44 
2020-04-28, 278.58 ,AAPL, 273.31 , 286.68 
2020-04-29, 287.73 ,AAPL, 272.59 , 286.85 
2020-04-30, 293.80 ,AAPL, 272.09 , 287.08 
2020-05-01, 289.07 ,AAPL, 271.41 , 287.31 
2020-05-04, 293.16 ,AAPL, 270.88 , 287.53 
2020-05-05, 297.56 ,AAPL, 270.58 , 287.78 
2020-05-06, 300.63 ,AAPL, 270.63 , 288.05 
2020-05-07, 303.74 ,AAPL, 270.93 , 288.35 
2020-05-08, 310.13 ,AAPL, 271.28 , 288.64 
2020-05-11, 315.01 ,AAPL, 272.09 , 288.94 
2020-05-12, 311.41 ,AAPL, 272.84 , 289.29 
2020-05-13, 307.65 ,AAPL, 273.01 , 289.61 
2020-05-14, 309.54 ,AAPL, 273.40 , 289.89 
2020-05-15, 307.71 ,AAPL, 273.50 , 290.20 
2020-05-18, 314.96 ,AAPL, 273.93 , 290.43 
2020-05-19, 313.14 ,AAPL, 274.41 , 290.74 
2020-05-20, 319.23 ,AAPL, 275.45 , 290.98 
2020-05-21, 316.85 ,AAPL, 276.07 , 291.28 
2020-05-22, 318.89 ,AAPL, 276.92 , 291.53 
2020-05-26, 316.73 ,AAPL, 278.26 , 291.79 
2020-05-27, 318.11 ,AAPL, 279.05 , 291.95 
2020-05-28, 318.25 ,AAPL, 280.54 , 292.16 
2020-05-29, 317.94 ,AAPL, 281.81 , 292.35 
2020-06-01, 321.85 ,AAPL, 283.29 , 292.55 
2020-06-02, 323.34 ,AAPL, 284.83 , 292.73 
2020-06-03, 325.12 ,AAPL, 286.71 , 292.87 
2020-06-04, 322.32 ,AAPL, 288.63 , 293.02 
2020-06-05, 331.50 ,AAPL, 290.29 , 293.08 
2020-06-08, 333.46 ,AAPL, 292.01 , 293.27 
2020-06-09, 343.99 ,AAPL, 293.69 , 293.49 
2020-06-10, 352.84 ,AAPL, 295.75 , 293.78 
2020-06-11, 335.90 ,AAPL, 297.34 , 294.12 
2020-06-12, 338.80 ,AAPL, 299.00 , 294.32 
2020-06-15, 342.99 ,AAPL, 301.00 , 294.53 
2020-06-16, 352.08 ,AAPL, 303.10 , 294.77 
2020-06-17, 351.59 ,AAPL, 305.26 , 295.11 
2020-06-18, 351.73 ,AAPL, 307.01 , 295.54 
2020-06-19, 349.72 ,AAPL, 308.78 , 295.89 
2020-06-22, 358.87 ,AAPL, 310.60 , 296.14 
2020-06-23, 366.53 ,AAPL, 312.53 , 296.50 
2020-06-24, 360.06 ,AAPL, 314.24 , 297.07 
2020-06-25, 364.84 ,AAPL, 315.76 , 297.59 
2020-06-26, 353.63 ,AAPL, 317.12 , 298.06 
2020-06-29, 361.78 ,AAPL, 318.59 , 298.38 
2020-06-30, 364.80 ,AAPL, 320.20 , 298.75 
2020-07-01, 364.11 ,AAPL, 321.91 , 299.20 
2020-07-02, 364.11 ,AAPL, 323.79 , 299.63 
2020-07-06, 373.85 ,AAPL, 325.70 , 300.08 
2020-07-07, 372.69 ,AAPL, 327.62 , 300.56 
2020-07-08, 381.37 ,AAPL, 329.55 , 301.04 
2020-07-09, 383.01 ,AAPL, 331.50 , 301.61 
2020-07-10, 383.68 ,AAPL, 333.56 , 302.25 
2020-07-13, 381.91 ,AAPL, 335.41 , 302.86 
2020-07-14, 388.23 ,AAPL, 337.26 , 303.48 
2020-07-15, 390.90 ,AAPL, 339.26 , 304.24 
2020-07-16, 386.09 ,AAPL, 341.08 , 305.18 
2020-07-17, 385.31 ,AAPL, 342.80 , 306.17 
2020-07-20, 393.43 ,AAPL, 344.62 , 307.11 
2020-07-21, 388.00 ,AAPL, 346.27 , 308.32 
2020-07-22, 389.09 ,AAPL, 347.82 , 309.47 
2020-07-23, 371.38 ,AAPL, 348.93 , 310.39 
2020-07-24, 370.46 ,AAPL, 350.09 , 311.22 
2019-07-25, 200.71 ,FB,0,0
2019-07-26, 199.75 ,FB,0,0
2019-07-29, 195.94 ,FB,0,0
2019-07-30, 197.04 ,FB,0,0
2019-07-31, 194.23 ,FB,0,0
2019-08-01, 192.73 ,FB,0,0
2019-08-02, 189.02 ,FB,0,0
2019-08-05, 181.73 ,FB,0,0
2019-08-06, 184.51 ,FB,0,0
2019-08-07, 185.15 ,FB,0,0
2019-08-08, 190.16 ,FB,0,0
2019-08-09, 187.85 ,FB,0,0
2019-08-12, 185.37 ,FB,0,0
2019-08-13, 188.45 ,FB,0,0
2019-08-14, 179.71 ,FB,0,0
2019-08-15, 182.59 ,FB,0,0
2019-08-16, 183.70 ,FB,0,0
2019-08-19, 186.17 ,FB,0,0
2019-08-20, 183.81 ,FB,0,0
2019-08-21, 183.55 ,FB,0,0
2019-08-22, 182.04 ,FB,0,0
2019-08-23, 177.75 ,FB,0,0
2019-08-26, 180.36 ,FB,0,0
2019-08-27, 181.30 ,FB,0,0
2019-08-28, 181.76 ,FB,0,0
2019-08-29, 185.57 ,FB,0,0
2019-08-30, 185.67 ,FB,0,0
2019-09-03, 182.39 ,FB,0,0
2019-09-04, 187.14 ,FB,0,0
2019-09-05, 190.90 ,FB,0,0
2019-09-06, 187.49 ,FB,0,0
2019-09-09, 188.76 ,FB,0,0
2019-09-10, 186.17 ,FB,0,0
2019-09-11, 188.49 ,FB,0,0
2019-09-12, 187.47 ,FB,0,0
2019-09-13, 187.19 ,FB,0,0
2019-09-16, 186.22 ,FB,0,0
2019-09-17, 188.08 ,FB,0,0
2019-09-18, 188.14 ,FB,0,0
2019-09-19, 190.14 ,FB,0,0
2019-09-20, 189.93 ,FB,0,0
2019-09-23, 186.82 ,FB,0,0
2019-09-24, 181.28 ,FB,0,0
2019-09-25, 182.80 ,FB,0,0
2019-09-26, 180.11 ,FB,0,0
2019-09-27, 177.10 ,FB,0,0
2019-09-30, 178.08 ,FB,0,0
2019-10-01, 175.81 ,FB,0,0
2019-10-02, 174.60 ,FB,0,0
2019-10-03, 179.38 ,FB,0,0
2019-10-04, 180.45 ,FB, 185.72 ,0
2019-10-07, 179.68 ,FB, 185.30 ,0
2019-10-08, 177.75 ,FB, 184.87 ,0
2019-10-09, 179.85 ,FB, 184.56 ,0
2019-10-10, 180.03 ,FB, 184.22 ,0
2019-10-11, 184.19 ,FB, 184.03 ,0
2019-10-14, 183.28 ,FB, 183.84 ,0
2019-10-15, 188.89 ,FB, 183.84 ,0
2019-10-16, 189.55 ,FB, 183.99 ,0
2019-10-17, 190.39 ,FB, 184.11 ,0
2019-10-18, 185.85 ,FB, 184.12 ,0
2019-10-21, 189.76 ,FB, 184.11 ,0
2019-10-22, 182.34 ,FB, 184.01 ,0
2019-10-23, 186.15 ,FB, 184.02 ,0
2019-10-24, 186.38 ,FB, 183.98 ,0
2019-10-25, 187.89 ,FB, 184.14 ,0
2019-10-28, 189.40 ,FB, 184.27 ,0
2019-10-29, 189.31 ,FB, 184.38 ,0
2019-10-30, 188.25 ,FB, 184.43 ,0
2019-10-31, 191.65 ,FB, 184.58 ,0
2019-11-01, 193.62 ,FB, 184.78 ,0
2019-11-04, 194.72 ,FB, 185.03 ,0
2019-11-05, 194.32 ,FB, 185.35 ,0
2019-11-06, 191.55 ,FB, 185.57 ,0
2019-11-07, 190.42 ,FB, 185.75 ,0
2019-11-08, 190.84 ,FB, 185.93 ,0
2019-11-11, 189.61 ,FB, 186.01 ,0
2019-11-12, 194.47 ,FB, 186.18 ,0
2019-11-13, 193.19 ,FB, 186.39 ,0
2019-11-14, 193.15 ,FB, 186.51 ,0
2019-11-15, 195.10 ,FB, 186.59 ,0
2019-11-18, 197.40 ,FB, 186.78 ,0
2019-11-19, 199.32 ,FB, 186.99 ,0
2019-11-20, 197.51 ,FB, 187.21 ,0
2019-11-21, 197.93 ,FB, 187.40 ,0
2019-11-22, 198.82 ,FB, 187.62 ,0
2019-11-25, 199.79 ,FB, 187.87 ,0
2019-11-26, 198.97 ,FB, 188.12 ,0
2019-11-27, 202.00 ,FB, 188.39 ,0
2019-11-29, 201.64 ,FB, 188.66 ,0
2019-12-02, 199.70 ,FB, 188.84 ,0
2019-12-03, 198.82 ,FB, 189.02 ,0
2019-12-04, 198.71 ,FB, 189.25 ,0
2019-12-05, 199.36 ,FB, 189.61 ,0
2019-12-06, 201.05 ,FB, 189.96 ,0
2019-12-09, 201.34 ,FB, 190.38 ,0
2019-12-10, 200.87 ,FB, 190.85 ,0
2019-12-11, 202.26 ,FB, 191.32 ,0
2019-12-12, 196.75 ,FB, 191.73 ,0
2019-12-13, 194.11 ,FB, 192.11 , 189.04 
2019-12-16, 197.92 ,FB, 192.48 , 188.98 
2019-12-17, 198.39 ,FB, 192.83 , 188.96 
2019-12-18, 202.50 ,FB, 193.28 , 188.98 
2019-12-19, 206.06 ,FB, 193.83 , 189.04 
2019-12-20, 206.30 ,FB, 194.35 , 189.16 
2019-12-23, 206.18 ,FB, 194.86 , 189.30 
2019-12-24, 205.12 ,FB, 195.27 , 189.47 
2019-12-26, 207.79 ,FB, 195.75 , 189.71 
2019-12-27, 208.10 ,FB, 196.13 , 189.94 
2019-12-30, 204.41 ,FB, 196.42 , 190.17 
2019-12-31, 205.25 ,FB, 196.71 , 190.32 
2020-01-02, 209.78 ,FB, 197.18 , 190.49 
2020-01-03, 208.67 ,FB, 197.55 , 190.74 
2020-01-06, 212.60 ,FB, 198.15 , 190.94 
2020-01-07, 213.06 ,FB, 198.67 , 191.27 
2020-01-08, 215.22 ,FB, 199.24 , 191.58 
2020-01-09, 218.30 ,FB, 199.84 , 191.90 
2020-01-10, 218.06 ,FB, 200.40 , 192.23 
2020-01-13, 221.91 ,FB, 201.04 , 192.57 
2020-01-14, 219.06 ,FB, 201.64 , 192.96 
2020-01-15, 221.15 ,FB, 202.22 , 193.33 
2020-01-16, 221.77 ,FB, 202.77 , 193.77 
2020-01-17, 222.14 ,FB, 203.31 , 194.19 
2020-01-21, 221.44 ,FB, 203.84 , 194.60 
2020-01-22, 221.32 ,FB, 204.42 , 195.00 
2020-01-23, 219.76 ,FB, 205.00 , 195.36 
2020-01-24, 217.94 ,FB, 205.53 , 195.71 
2020-01-27, 214.87 ,FB, 206.03 , 196.07 
2020-01-28, 217.79 ,FB, 206.48 , 196.35 
2020-01-29, 223.23 ,FB, 207.07 , 196.62 
2020-01-30, 209.53 ,FB, 207.39 , 196.98 
2020-01-31, 201.91 ,FB, 207.53 , 197.19 
2020-02-03, 204.19 ,FB, 207.66 , 197.35 
2020-02-04, 209.83 ,FB, 207.87 , 197.51 
2020-02-05, 210.11 ,FB, 208.11 , 197.73 
2020-02-06, 210.85 ,FB, 208.37 , 197.96 
2020-02-07, 212.33 ,FB, 208.63 , 198.21 
2020-02-10, 213.06 ,FB, 208.89 , 198.46 
2020-02-11, 207.19 ,FB, 209.05 , 198.71 
2020-02-12, 210.76 ,FB, 209.22 , 198.88 
2020-02-13, 213.14 ,FB, 209.45 , 199.09 
2020-02-14, 214.18 ,FB, 209.73 , 199.36 
2020-02-18, 217.80 ,FB, 210.11 , 199.69 
2020-02-19, 217.49 ,FB, 210.47 , 200.04 
2020-02-20, 214.58 ,FB, 210.77 , 200.42 
2020-02-21, 210.18 ,FB, 210.95 , 200.80 
2020-02-24, 200.72 ,FB, 210.94 , 201.13 
2020-02-25, 196.77 ,FB, 210.86 , 201.38 
2020-02-26, 197.20 ,FB, 210.76 , 201.60 
2020-02-27, 189.75 ,FB, 210.62 , 201.78 
2020-02-28, 192.47 ,FB, 210.59 , 201.87 
2020-03-02, 196.44 ,FB, 210.56 , 202.00 
2020-03-03, 185.89 ,FB, 210.32 , 202.19 
2020-03-04, 191.76 ,FB, 210.11 , 202.25 
2020-03-05, 185.17 ,FB, 209.70 , 202.37 
2020-03-06, 181.09 ,FB, 209.20 , 202.38 
2020-03-09, 169.50 ,FB, 208.48 , 202.36 
2020-03-10, 178.19 ,FB, 207.95 , 202.16 
2020-03-11, 170.24 ,FB, 207.22 , 202.05 
2020-03-12, 154.47 ,FB, 206.17 , 201.85 
2020-03-13, 170.28 ,FB, 205.50 , 201.53 
2020-03-16, 146.01 ,FB, 204.34 , 201.33 
2020-03-17, 149.42 ,FB, 203.15 , 200.97 
2020-03-18, 146.96 ,FB, 201.94 , 200.59 
2020-03-19, 153.13 ,FB, 200.78 , 200.20 
2020-03-20, 149.73 ,FB, 199.53 , 199.84 
2020-03-23, 148.10 ,FB, 198.22 , 199.44 
2020-03-24, 160.98 ,FB, 197.09 , 199.03 
2020-03-25, 156.21 ,FB, 195.88 , 198.75 
2020-03-26, 163.34 ,FB, 194.73 , 198.39 
2020-03-27, 156.79 ,FB, 193.51 , 198.09 
2020-03-30, 165.95 ,FB, 192.43 , 197.71 
2020-03-31, 166.80 ,FB, 191.35 , 197.42 
2020-04-01, 159.60 ,FB, 190.13 , 197.17 
2020-04-02, 158.19 ,FB, 188.89 , 196.86 
2020-04-03, 154.18 ,FB, 187.57 , 196.53 
2020-04-06, 165.55 ,FB, 186.51 , 196.17 
2020-04-07, 168.83 ,FB, 185.54 , 195.88 
2020-04-08, 174.28 ,FB, 184.75 , 195.63 
2020-04-09, 175.19 ,FB, 183.91 , 195.44 
2020-04-13, 174.79 ,FB, 182.96 , 195.24 
2020-04-14, 178.17 ,FB, 182.35 , 195.01 
2020-04-15, 176.97 ,FB, 181.86 , 194.80 
2020-04-16, 176.25 ,FB, 181.31 , 194.59 
2020-04-17, 179.24 ,FB, 180.71 , 194.37 
2020-04-20, 178.24 ,FB, 180.09 , 194.17 
2020-04-21, 170.80 ,FB, 179.30 , 193.96 
2020-04-22, 182.28 ,FB, 178.71 , 193.67 
2020-04-23, 185.13 ,FB, 178.16 , 193.47 
2020-04-24, 190.07 ,FB, 177.83 , 193.31 
2020-04-27, 187.50 ,FB, 177.37 , 193.21 
2020-04-28, 182.91 ,FB, 176.78 , 193.09 
2020-04-29, 194.19 ,FB, 176.39 , 192.93 
2020-04-30, 204.71 ,FB, 176.13 , 192.88 
2020-05-01, 202.27 ,FB, 175.83 , 192.92 
2020-05-04, 205.26 ,FB, 175.65 , 192.93 
2020-05-05, 207.07 ,FB, 175.59 , 192.97 
2020-05-06, 208.47 ,FB, 175.74 , 193.02 
2020-05-07, 211.26 ,FB, 176.02 , 193.14 
2020-05-08, 212.35 ,FB, 176.32 , 193.31 
2020-05-11, 213.18 ,FB, 176.78 , 193.46 
2020-05-12, 210.10 ,FB, 177.13 , 193.61 
2020-05-13, 205.10 ,FB, 177.30 , 193.68 
2020-05-14, 206.81 ,FB, 177.71 , 193.68 
2020-05-15, 210.88 ,FB, 178.08 , 193.68 
2020-05-18, 213.19 ,FB, 178.63 , 193.73 
2020-05-19, 216.88 ,FB, 179.33 , 193.81 
2020-05-20, 229.97 ,FB, 180.52 , 193.90 
2020-05-21, 231.39 ,FB, 181.56 , 194.12 
2020-05-22, 234.91 ,FB, 182.83 , 194.39 
2020-05-26, 232.20 ,FB, 184.35 , 194.69 
2020-05-27, 229.14 ,FB, 185.51 , 194.92 
2020-05-28, 225.46 ,FB, 187.07 , 195.13 
2020-05-29, 225.09 ,FB, 188.55 , 195.26 
2020-06-01, 231.91 ,FB, 190.22 , 195.38 
2020-06-02, 232.72 ,FB, 191.78 , 195.55 
2020-06-03, 230.16 ,FB, 193.35 , 195.69 
2020-06-04, 226.29 ,FB, 194.89 , 195.82 
2020-06-05, 230.77 ,FB, 196.25 , 195.86 
2020-06-08, 231.40 ,FB, 197.73 , 195.98 
2020-06-09, 238.67 ,FB, 199.21 , 196.08 
2020-06-10, 236.73 ,FB, 200.77 , 196.25 
2020-06-11, 224.43 ,FB, 201.92 , 196.40 
2020-06-12, 228.58 ,FB, 203.13 , 196.43 
2020-06-15, 232.50 ,FB, 204.56 , 196.50 
2020-06-16, 235.65 ,FB, 206.08 , 196.63 
2020-06-17, 235.53 ,FB, 207.67 , 196.81 
2020-06-18, 235.94 ,FB, 209.06 , 197.02 
2020-06-19, 238.79 ,FB, 210.43 , 197.20 
2020-06-22, 239.22 ,FB, 211.70 , 197.36 
2020-06-23, 242.24 ,FB, 213.01 , 197.66 
2020-06-24, 234.02 ,FB, 214.18 , 198.07 
2020-06-25, 235.68 ,FB, 215.30 , 198.37 
2020-06-26, 216.08 ,FB, 216.07 , 198.63 
2020-06-29, 220.64 ,FB, 216.94 , 198.69 
2020-06-30, 227.07 ,FB, 217.88 , 198.79 
2020-07-01, 237.55 ,FB, 219.04 , 198.94 
2020-07-02, 233.42 ,FB, 220.27 , 199.18 
2020-07-06, 240.28 ,FB, 221.41 , 199.45 
2020-07-07, 240.86 ,FB, 222.50 , 199.75 
2020-07-08, 243.58 ,FB, 223.55 , 200.03 
2020-07-09, 244.50 ,FB, 224.67 , 200.32 
2020-07-10, 245.07 ,FB, 225.89 , 200.59 
2020-07-13, 239.00 ,FB, 226.76 , 200.87 
2020-07-14, 239.73 ,FB, 227.45 , 201.12 
2020-07-15, 240.28 ,FB, 228.20 , 201.42 
2020-07-16, 240.93 ,FB, 228.90 , 201.82 
2020-07-17, 242.03 ,FB, 229.58 , 202.26 
2020-07-20, 245.42 ,FB, 230.31 , 202.72 
2020-07-21, 241.75 ,FB, 230.90 , 203.28 
2020-07-22, 239.87 ,FB, 231.44 , 203.78 
2020-07-23, 232.60 ,FB, 231.82 , 204.22 
2020-07-24, 230.71 ,FB, 232.23 , 204.69 
2019-07-25, 300.00 ,SPY,0,0
2019-07-26, 302.01 ,SPY,0,0
2019-07-29, 301.46 ,SPY,0,0
2019-07-30, 300.72 ,SPY,0,0
2019-07-31, 297.43 ,SPY,0,0
2019-08-01, 294.84 ,SPY,0,0
2019-08-02, 292.62 ,SPY,0,0
2019-08-05, 283.82 ,SPY,0,0
2019-08-06, 287.80 ,SPY,0,0
2019-08-07, 287.97 ,SPY,0,0
2019-08-08, 293.62 ,SPY,0,0
2019-08-09, 291.62 ,SPY,0,0
2019-08-12, 288.07 ,SPY,0,0
2019-08-13, 292.55 ,SPY,0,0
2019-08-14, 283.90 ,SPY,0,0
2019-08-15, 284.65 ,SPY,0,0
2019-08-16, 288.85 ,SPY,0,0
2019-08-19, 292.33 ,SPY,0,0
2019-08-20, 290.09 ,SPY,0,0
2019-08-21, 292.45 ,SPY,0,0
2019-08-22, 292.36 ,SPY,0,0
2019-08-23, 284.85 ,SPY,0,0
2019-08-26, 288.00 ,SPY,0,0
2019-08-27, 286.87 ,SPY,0,0
2019-08-28, 288.89 ,SPY,0,0
2019-08-29, 292.58 ,SPY,0,0
2019-08-30, 292.45 ,SPY,0,0
2019-09-03, 290.74 ,SPY,0,0
2019-09-04, 294.04 ,SPY,0,0
2019-09-05, 297.82 ,SPY,0,0
2019-09-06, 298.05 ,SPY,0,0
2019-09-09, 298.20 ,SPY,0,0
2019-09-10, 298.13 ,SPY,0,0
2019-09-11, 300.25 ,SPY,0,0
2019-09-12, 301.29 ,SPY,0,0
2019-09-13, 301.09 ,SPY,0,0
2019-09-16, 300.16 ,SPY,0,0
2019-09-17, 300.92 ,SPY,0,0
2019-09-18, 301.10 ,SPY,0,0
2019-09-19, 301.08 ,SPY,0,0
2019-09-20, 298.28 ,SPY,0,0
2019-09-23, 298.21 ,SPY,0,0
2019-09-24, 295.87 ,SPY,0,0
2019-09-25, 297.62 ,SPY,0,0
2019-09-26, 297.00 ,SPY,0,0
2019-09-27, 295.40 ,SPY,0,0
2019-09-30, 296.77 ,SPY,0,0
2019-10-01, 293.24 ,SPY,0,0
2019-10-02, 288.06 ,SPY,0,0
2019-10-03, 290.42 ,SPY,0,0
2019-10-04, 294.35 ,SPY, 294.14 ,0
2019-10-07, 293.08 ,SPY, 294.00 ,0
2019-10-08, 288.53 ,SPY, 293.74 ,0
2019-10-09, 291.27 ,SPY, 293.54 ,0
2019-10-10, 293.24 ,SPY, 293.39 ,0
2019-10-11, 296.28 ,SPY, 293.37 ,0
2019-10-14, 295.95 ,SPY, 293.39 ,0
2019-10-15, 298.88 ,SPY, 293.51 ,0
2019-10-16, 298.40 ,SPY, 293.80 ,0
2019-10-17, 299.28 ,SPY, 294.02 ,0
2019-10-18, 297.97 ,SPY, 294.22 ,0
2019-10-21, 299.99 ,SPY, 294.34 ,0
2019-10-22, 299.01 ,SPY, 294.49 ,0
2019-10-23, 299.88 ,SPY, 294.72 ,0
2019-10-24, 300.37 ,SPY, 294.87 ,0
2019-10-25, 301.60 ,SPY, 295.22 ,0
2019-10-28, 303.30 ,SPY, 295.59 ,0
2019-10-29, 303.21 ,SPY, 295.87 ,0
2019-10-30, 304.14 ,SPY, 296.10 ,0
2019-10-31, 303.33 ,SPY, 296.36 ,0
2019-11-01, 306.14 ,SPY, 296.63 ,0
2019-11-04, 307.37 ,SPY, 296.92 ,0
2019-11-05, 307.03 ,SPY, 297.36 ,0
2019-11-06, 307.10 ,SPY, 297.73 ,0
2019-11-07, 308.18 ,SPY, 298.15 ,0
2019-11-08, 308.94 ,SPY, 298.54 ,0
2019-11-11, 308.35 ,SPY, 298.85 ,0
2019-11-12, 309.00 ,SPY, 299.17 ,0
2019-11-13, 309.10 ,SPY, 299.53 ,0
2019-11-14, 309.55 ,SPY, 299.84 ,0
2019-11-15, 311.79 ,SPY, 300.11 ,0
2019-11-18, 312.02 ,SPY, 300.39 ,0
2019-11-19, 311.93 ,SPY, 300.66 ,0
2019-11-20, 310.77 ,SPY, 300.90 ,0
2019-11-21, 310.27 ,SPY, 301.10 ,0
2019-11-22, 310.96 ,SPY, 301.29 ,0
2019-11-25, 313.37 ,SPY, 301.53 ,0
2019-11-26, 314.08 ,SPY, 301.80 ,0
2019-11-27, 315.48 ,SPY, 302.09 ,0
2019-11-29, 314.31 ,SPY, 302.35 ,0
2019-12-02, 311.64 ,SPY, 302.56 ,0
2019-12-03, 309.55 ,SPY, 302.78 ,0
2019-12-04, 311.46 ,SPY, 303.04 ,0
2019-12-05, 312.02 ,SPY, 303.35 ,0
2019-12-06, 314.87 ,SPY, 303.69 ,0
2019-12-09, 313.88 ,SPY, 304.02 ,0
2019-12-10, 313.53 ,SPY, 304.38 ,0
2019-12-11, 314.42 ,SPY, 304.72 ,0
2019-12-12, 317.13 ,SPY, 305.19 ,0
2019-12-13, 317.32 ,SPY, 305.77 , 299.93 
2019-12-16, 319.50 ,SPY, 306.34 , 300.10 
2019-12-17, 319.57 ,SPY, 306.83 , 300.28 
2019-12-18, 319.59 ,SPY, 307.35 , 300.46 
2019-12-19, 320.90 ,SPY, 307.98 , 300.65 
2019-12-20, 320.73 ,SPY, 308.56 , 300.89 
2019-12-23, 321.22 ,SPY, 309.11 , 301.15 
2019-12-24, 321.23 ,SPY, 309.60 , 301.44 
2019-12-26, 322.94 ,SPY, 310.13 , 301.82 
2019-12-27, 322.86 ,SPY, 310.60 , 302.17 
2019-12-30, 321.08 ,SPY, 311.04 , 302.53 
2019-12-31, 321.86 ,SPY, 311.49 , 302.80 
2020-01-02, 324.87 ,SPY, 312.01 , 303.11 
2020-01-03, 322.41 ,SPY, 312.45 , 303.48 
2020-01-06, 323.64 ,SPY, 312.94 , 303.78 
2020-01-07, 322.73 ,SPY, 313.39 , 304.18 
2020-01-08, 324.45 ,SPY, 313.86 , 304.57 
2020-01-09, 326.65 ,SPY, 314.35 , 304.93 
2020-01-10, 325.71 ,SPY, 314.79 , 305.27 
2020-01-13, 327.95 ,SPY, 315.27 , 305.63 
2020-01-14, 327.45 ,SPY, 315.73 , 305.99 
2020-01-15, 328.19 ,SPY, 316.22 , 306.35 
2020-01-16, 330.92 ,SPY, 316.70 , 306.78 
2020-01-17, 331.95 ,SPY, 317.19 , 307.22 
2020-01-21, 331.30 ,SPY, 317.66 , 307.67 
2020-01-22, 331.34 ,SPY, 318.14 , 308.10 
2020-01-23, 331.72 ,SPY, 318.60 , 308.49 
2020-01-24, 328.77 ,SPY, 318.99 , 308.89 
2020-01-27, 323.50 ,SPY, 319.28 , 309.27 
2020-01-28, 326.89 ,SPY, 319.63 , 309.57 
2020-01-29, 326.62 ,SPY, 319.98 , 309.87 
2020-01-30, 327.68 ,SPY, 320.33 , 310.15 
2020-01-31, 321.73 ,SPY, 320.53 , 310.45 
2020-02-03, 324.12 ,SPY, 320.77 , 310.69 
2020-02-04, 329.06 ,SPY, 321.10 , 310.93 
2020-02-05, 332.86 ,SPY, 321.53 , 311.21 
2020-02-06, 333.98 ,SPY, 322.00 , 311.53 
2020-02-07, 332.20 ,SPY, 322.42 , 311.87 
2020-02-10, 334.68 ,SPY, 322.83 , 312.19 
2020-02-11, 335.26 ,SPY, 323.25 , 312.53 
2020-02-12, 337.42 ,SPY, 323.68 , 312.87 
2020-02-13, 337.06 ,SPY, 324.13 , 313.27 
2020-02-14, 337.60 ,SPY, 324.63 , 313.66 
2020-02-18, 336.73 ,SPY, 325.17 , 314.08 
2020-02-19, 338.34 ,SPY, 325.69 , 314.48 
2020-02-20, 336.95 ,SPY, 326.18 , 314.90 
2020-02-21, 333.48 ,SPY, 326.55 , 315.32 
2020-02-24, 322.42 ,SPY, 326.72 , 315.69 
2020-02-25, 312.65 ,SPY, 326.70 , 315.98 
2020-02-26, 311.50 ,SPY, 326.64 , 316.23 
2020-02-27, 297.51 ,SPY, 326.26 , 316.44 
2020-02-28, 296.26 ,SPY, 325.84 , 316.48 
2020-03-02, 309.09 ,SPY, 325.64 , 316.51 
2020-03-03, 300.24 ,SPY, 325.26 , 316.71 
2020-03-04, 312.86 ,SPY, 325.13 , 316.81 
2020-03-05, 302.46 ,SPY, 324.77 , 317.00 
2020-03-06, 297.46 ,SPY, 324.31 , 317.07 
2020-03-09, 274.23 ,SPY, 323.39 , 317.08 
2020-03-10, 288.42 ,SPY, 322.75 , 316.83 
2020-03-11, 274.36 ,SPY, 321.79 , 316.73 
2020-03-12, 248.11 ,SPY, 320.33 , 316.48 
2020-03-13, 269.32 ,SPY, 319.31 , 315.98 
2020-03-16, 239.85 ,SPY, 317.70 , 315.67 
2020-03-17, 252.80 ,SPY, 316.29 , 315.07 
2020-03-18, 240.00 ,SPY, 314.68 , 314.59 
2020-03-19, 240.51 ,SPY, 313.05 , 313.98 
2020-03-20, 228.80 ,SPY, 311.20 , 313.37 
2020-03-23, 222.95 ,SPY, 309.21 , 312.61 
2020-03-24, 243.15 ,SPY, 307.58 , 311.80 
2020-03-25, 246.79 ,SPY, 306.03 , 311.19 
2020-03-26, 261.20 ,SPY, 304.72 , 310.62 
2020-03-27, 253.42 ,SPY, 303.27 , 310.16 
2020-03-30, 261.65 ,SPY, 301.96 , 309.62 
2020-03-31, 257.75 ,SPY, 300.53 , 309.16 
2020-04-01, 246.15 ,SPY, 298.85 , 308.66 
2020-04-02, 251.83 ,SPY, 297.29 , 308.03 
2020-04-03, 248.19 ,SPY, 295.66 , 307.46 
2020-04-06, 264.86 ,SPY, 294.35 , 306.85 
2020-04-07, 265.13 ,SPY, 293.10 , 306.40 
2020-04-08, 274.03 ,SPY, 292.13 , 305.96 
2020-04-09, 278.20 ,SPY, 291.17 , 305.60 
2020-04-13, 275.66 ,SPY, 290.18 , 305.26 
2020-04-14, 283.79 ,SPY, 289.32 , 304.89 
2020-04-15, 277.76 ,SPY, 288.45 , 304.61 
2020-04-16, 279.10 ,SPY, 287.57 , 304.28 
2020-04-17, 286.64 ,SPY, 286.74 , 303.96 
2020-04-20, 281.59 ,SPY, 285.73 , 303.72 
2020-04-21, 273.04 ,SPY, 284.54 , 303.39 
2020-04-22, 279.10 ,SPY, 283.50 , 302.98 
2020-04-23, 279.08 ,SPY, 282.41 , 302.61 
2020-04-24, 282.97 ,SPY, 281.38 , 302.26 
2020-04-27, 287.05 ,SPY, 280.39 , 301.97 
2020-04-28, 285.73 ,SPY, 279.39 , 301.74 
2020-04-29, 293.21 ,SPY, 278.52 , 301.48 
2020-04-30, 290.48 ,SPY, 277.61 , 301.29 
2020-05-01, 282.79 ,SPY, 276.52 , 301.04 
2020-05-04, 283.57 ,SPY, 275.47 , 300.73 
2020-05-05, 286.19 ,SPY, 274.55 , 300.43 
2020-05-06, 284.25 ,SPY, 273.80 , 300.14 
2020-05-07, 287.68 ,SPY, 273.31 , 299.81 
2020-05-08, 292.44 ,SPY, 272.94 , 299.51 
2020-05-11, 292.50 ,SPY, 272.84 , 299.24 
2020-05-12, 286.67 ,SPY, 272.65 , 298.96 
2020-05-13, 281.60 ,SPY, 272.11 , 298.63 
2020-05-14, 284.97 ,SPY, 271.81 , 298.23 
2020-05-15, 286.28 ,SPY, 271.29 , 297.87 
2020-05-18, 295.00 ,SPY, 271.14 , 297.52 
2020-05-19, 291.97 ,SPY, 271.04 , 297.25 
2020-05-20, 296.93 ,SPY, 271.48 , 296.94 
2020-05-21, 294.88 ,SPY, 271.61 , 296.68 
2020-05-22, 295.44 ,SPY, 272.02 , 296.42 
2020-05-26, 299.08 ,SPY, 273.02 , 296.15 
2020-05-27, 303.53 ,SPY, 273.69 , 295.89 
2020-05-28, 302.97 ,SPY, 274.93 , 295.70 
2020-05-29, 304.32 ,SPY, 275.94 , 295.49 
2020-06-01, 305.55 ,SPY, 277.22 , 295.30 
2020-06-02, 308.08 ,SPY, 278.55 , 295.11 
2020-06-03, 312.18 ,SPY, 280.18 , 294.92 
2020-06-04, 311.36 ,SPY, 281.92 , 294.79 
2020-06-05, 319.34 ,SPY, 283.41 , 294.62 
2020-06-08, 323.20 ,SPY, 284.91 , 294.54 
2020-06-09, 320.79 ,SPY, 286.08 , 294.49 
2020-06-10, 319.00 ,SPY, 287.36 , 294.39 
2020-06-11, 300.61 ,SPY, 288.13 , 294.25 
2020-06-12, 304.21 ,SPY, 289.04 , 293.94 
2020-06-15, 307.05 ,SPY, 290.23 , 293.67 
2020-06-16, 312.96 ,SPY, 291.43 , 293.42 
2020-06-17, 311.66 ,SPY, 292.68 , 293.26 
2020-06-18, 311.78 ,SPY, 293.60 , 293.14 
2020-06-19, 308.64 ,SPY, 294.45 , 292.99 
2020-06-22, 310.62 ,SPY, 295.17 , 292.81 
2020-06-23, 312.05 ,SPY, 295.83 , 292.64 
2020-06-24, 304.09 ,SPY, 296.39 , 292.54 
2020-06-25, 307.35 ,SPY, 296.85 , 292.34 
2020-06-26, 300.05 ,SPY, 297.29 , 292.12 
2020-06-29, 304.46 ,SPY, 297.78 , 291.78 
2020-06-30, 308.36 ,SPY, 298.21 , 291.49 
2020-07-01, 310.52 ,SPY, 298.78 , 291.25 
2020-07-02, 312.23 ,SPY, 299.55 , 291.00 
2020-07-06, 317.05 ,SPY, 300.29 , 290.77 
2020-07-07, 313.78 ,SPY, 300.97 , 290.56 
2020-07-08, 316.18 ,SPY, 301.62 , 290.33 
2020-07-09, 314.38 ,SPY, 302.16 , 290.11 
2020-07-10, 317.59 ,SPY, 302.78 , 289.89 
2020-07-13, 314.84 ,SPY, 303.21 , 289.68 
2020-07-14, 318.92 ,SPY, 303.76 , 289.45 
2020-07-15, 321.85 ,SPY, 304.53 , 289.31 
2020-07-16, 320.79 ,SPY, 305.26 , 289.30 
2020-07-17, 321.72 ,SPY, 305.96 , 289.38 
2020-07-20, 324.32 ,SPY, 306.74 , 289.49 
2020-07-21, 325.01 ,SPY, 307.47 , 289.76 
2020-07-22, 326.86 ,SPY, 308.15 , 290.05 
2020-07-23, 322.96 ,SPY, 308.75 , 290.23 
2020-07-24, 320.88 ,SPY, 309.42 , 290.46 